db_inst,year_month,employee_id,instance_server_id,instance_server_channel_id
hms_inst1,2025-12,20200714C818B2645896,202007075C78850FC472,202007097B5D55D3965C
hms_inst1,2025-12,2020071561468BB64AB3,202007075C78850FC472,202007097B5D55D3965C
hms_inst1,2025-12,20200731432433C68ED1,202007075C78850FC472,202007097B5D55D3965C
hms_inst1,2025-12,20200817694B1B4AEFBB,202007075C78850FC472,202007097B5D55D3965C
hms_inst1,2025-12,20200817BAE7AC9DA3B0,202007075C78850FC472,202007097B5D55D3965C
hms_inst1,2025-12,2020082109C395F2383A,202007075C78850FC472,202007097B5D55D3965C
hms_inst1,2025-12,20200821681F57E9AEBD,202007075C78850FC472,202007097B5D55D3965C
hms_inst1,2025-12,202008278E1BDB5C4715,202007075C78850FC472,202007097B5D55D3965C
hms_inst1,2025-12,20200903B7C24C382A45,202007075C78850FC472,202007097B5D55D3965C
hms_inst1,2025-12,202010071D8829A07AE8,202007075C78850FC472,202007097B5D55D3965C
hms_inst1,2025-12,20201007A19BE9BDA2A0,202007075C78850FC472,202007097B5D55D3965C
hms_inst1,2025-12,20201022A11DE33C4151,202007075C78850FC472,202007097B5D55D3965C
hms_inst1,2025-12,20201022D49F104A4DB4,202007075C78850FC472,202007097B5D55D3965C
hms_inst1,2025-12,202011057F26DA5B57CF,202007075C78850FC472,202007097B5D55D3965C
hms_inst1,2025-12,20210121FD9FB71278D9,202007075C78850FC472,202007097B5D55D3965C
hms_inst1,2025-12,202101238907FFD9D659,202007075C78850FC472,202007097B5D55D3965C
hms_inst1,2025-12,20210322D98BA4D31954,202007075C78850FC472,202007097B5D55D3965C
hms_inst1,2025-12,202201116ADBAE1A44A5,202007075C78850FC472,202007097B5D55D3965C
hms_inst1,2025-12,20220304C7FAC451E7F6,202007075C78850FC472,202007097B5D55D3965C
hms_inst1,2025-12,20220609518E2BC05567,202007075C78850FC472,202007097B5D55D3965C
hms_inst1,2025-12,202209140FDDC4179775,202007075C78850FC472,202007097B5D55D3965C
hms_inst1,2025-12,2022102252386C112314,202007075C78850FC472,202007097B5D55D3965C
hms_inst1,2025-12,20221105C28DAA7463F7,202007075C78850FC472,202007097B5D55D3965C
hms_inst1,2025-12,20230103ED8B5A998289,202007075C78850FC472,202007097B5D55D3965C
hms_inst1,2025-12,2023020146B245F19CA4,202007075C78850FC472,202007097B5D55D3965C
hms_inst1,2025-12,2023030711148691003E,202007075C78850FC472,202007097B5D55D3965C
hms_inst1,2025-12,20231219AFD4E7264145,202007075C78850FC472,202007097B5D55D3965C
hms_inst1,2025-12,2024050842F025E6174A,202007075C78850FC472,202007097B5D55D3965C
hms_inst1,2025-12,20240819E750CA30A663,202007075C78850FC472,202007097B5D55D3965C
hms_inst1,2025-12,20241217E3F444A36F85,202007075C78850FC472,202007097B5D55D3965C
hms_inst1,2025-12,20250219446B39D01AB7,202007075C78850FC472,202007097B5D55D3965C
hms_inst1,2025-12,202503261FD33B72C440,202007075C78850FC472,202007097B5D55D3965C
hms_inst1,2025-12,202503275B3E552F28D5,202007075C78850FC472,202007097B5D55D3965C
hms_inst1,2025-12,2025032825F86255761E,202007075C78850FC472,202007097B5D55D3965C
hms_inst1,2025-12,20250328C6AF43A35E28,202007075C78850FC472,202007097B5D55D3965C
hms_inst1,2025-12,202503290C3A52B1CB37,202007075C78850FC472,202007097B5D55D3965C
hms_inst1,2025-12,202507265B30B84524DC,202007075C78850FC472,202007097B5D55D3965C
hms_inst1,2025-12,2025081812DB2D414AC3,202007075C78850FC472,202007097B5D55D3965C
hms_inst1,2025-12,202509152F5F3F605EC0,202007075C78850FC472,202007097B5D55D3965C
hms_inst1,2025-12,20251010D1623DB3684F,202007075C78850FC472,202007097B5D55D3965C
hms_inst1,2025-12,202511219D41BEDD0D29,202007075C78850FC472,202007097B5D55D3965C
hms_inst1,2025-12,20201120E8911310789A,20201120E0EF08715E96,202011201B642D28145F
hms_inst1,2025-12,20220421468F09337380,20201120E0EF08715E96,202011201B642D28145F
hms_inst1,2025-12,202307062E0692C6F332,20201120E0EF08715E96,202011201B642D28145F
hms_inst1,2025-12,20240429AAE1563C686A,20201120E0EF08715E96,202011201B642D28145F
hms_inst1,2025-12,20240502A503B830C158,20201120E0EF08715E96,202011201B642D28145F
hms_inst1,2025-12,20240629CDFDA4F56FC9,20201120E0EF08715E96,202011201B642D28145F
hms_inst1,2025-12,202412185B51FC8F9711,20201120E0EF08715E96,202011201B642D28145F
hms_inst1,2025-12,202502032AB6F16D4330,20201120E0EF08715E96,202011201B642D28145F
hms_inst1,2025-12,20250402AE3D96D20E41,20201120E0EF08715E96,202011201B642D28145F
hms_inst1,2025-12,20250802D64FCA2B4837,20201120E0EF08715E96,202011201B642D28145F
hms_inst1,2025-12,202512010163EF14F44B,20201120E0EF08715E96,202011201B642D28145F
hms_inst1,2025-12,20251216CFA8F23603E6,20201128994AA838E235,20201201688782EFA6D3
hms_inst1,2025-12,20251216EECC5D6BFBE2,20201128994AA838E235,20201201688782EFA6D3
hms_inst1,2025-12,202512295B17DA87AFDB,20201128994AA838E235,20201201688782EFA6D3
hms_inst1,2025-12,202512297F8425B58DC8,20201128994AA838E235,20201201688782EFA6D3
hms_inst1,2025-12,2021011418FBCFE649FD,20210106DC750A33477A,2021010690C1157EC499
hms_inst1,2025-12,202101143B67F786C1E9,20210106DC750A33477A,2021010690C1157EC499
hms_inst1,2025-12,20210114665A893C4029,20210106DC750A33477A,2021010690C1157EC499
hms_inst1,2025-12,2021011488A46109550F,20210106DC750A33477A,2021010690C1157EC499
hms_inst1,2025-12,20210114AC9BFC82BAFD,20210106DC750A33477A,2021010690C1157EC499
hms_inst1,2025-12,20210114AD3BA7D32B6F,20210106DC750A33477A,2021010690C1157EC499
hms_inst1,2025-12,20210114BA217253C1BC,20210106DC750A33477A,2021010690C1157EC499
hms_inst1,2025-12,20210114D4B0735571C5,20210106DC750A33477A,2021010690C1157EC499
hms_inst1,2025-12,20210114DABA776636BD,20210106DC750A33477A,2021010690C1157EC499
hms_inst1,2025-12,20210114DCFBCA8817FA,20210106DC750A33477A,2021010690C1157EC499
hms_inst1,2025-12,20210114FF75348F1A49,20210106DC750A33477A,2021010690C1157EC499
hms_inst1,2025-12,20210119B26E712F41B3,20210106DC750A33477A,2021010690C1157EC499
hms_inst1,2025-12,202201159B1560BAF994,20210106DC750A33477A,2021010690C1157EC499
hms_inst1,2025-12,202205213126A257DC90,20210106DC750A33477A,2021010690C1157EC499
hms_inst1,2025-12,202205213990AA888D8E,20210106DC750A33477A,2021010690C1157EC499
hms_inst1,2025-12,2022052193ED74E7EE4B,20210106DC750A33477A,2021010690C1157EC499
hms_inst1,2025-12,20220521EB89710EAB87,20210106DC750A33477A,2021010690C1157EC499
hms_inst1,2025-12,20220521EDCD2EB4FAEE,20210106DC750A33477A,2021010690C1157EC499
hms_inst1,2025-12,20240603BE36AF4AFFB2,20210106DC750A33477A,2021010690C1157EC499
hms_inst1,2025-12,20210112186F7C9838B8,2021011299AC94DD4C97,20210112CD66D150B63F
hms_inst1,2025-12,2021011246761F5CA70A,2021011299AC94DD4C97,20210112CD66D150B63F
hms_inst1,2025-12,20210112E218AE6807E6,2021011299AC94DD4C97,20210112CD66D150B63F
hms_inst1,2025-12,2022032342E6A3F7EAB0,2021011299AC94DD4C97,20210112CD66D150B63F
hms_inst1,2025-12,20250115E30267B91FE2,2021011299AC94DD4C97,20210112CD66D150B63F
hms_inst1,2025-12,20250205239AD0510CA1,2021011299AC94DD4C97,20210112CD66D150B63F
hms_inst1,2025-12,202510307307BD3280E4,2021011299AC94DD4C97,20210112CD66D150B63F
hms_inst1,2025-12,20251030C08EFC33FF22,2021011299AC94DD4C97,20210112CD66D150B63F
hms_inst1,2025-12,20251108CC1A59F503D2,2021011299AC94DD4C97,20210112CD66D150B63F
hms_inst1,2025-12,20210216D59209786F87,20210216FBE603DD8FB4,202102161A1277417B16
hms_inst1,2025-12,202102173CAFBE6110F0,20210216FBE603DD8FB4,202102161A1277417B16
hms_inst1,2025-12,20210217A440D98334EE,20210216FBE603DD8FB4,202102161A1277417B16
hms_inst1,2025-12,20210429590453D30D0E,20210216FBE603DD8FB4,202102161A1277417B16
hms_inst1,2025-12,20210616EFC28D8DB534,20210216FBE603DD8FB4,202102161A1277417B16
hms_inst1,2025-12,20210731C995152E4B8B,20210216FBE603DD8FB4,202102161A1277417B16
hms_inst1,2025-12,20220825341B3B049789,20210216FBE603DD8FB4,202102161A1277417B16
hms_inst1,2025-12,20230322723C8B634F94,20210216FBE603DD8FB4,202102161A1277417B16
hms_inst1,2025-12,2023101774F0F2682696,20210216FBE603DD8FB4,202102161A1277417B16
hms_inst1,2025-12,202404154BBE1070394D,20210216FBE603DD8FB4,202102161A1277417B16
hms_inst1,2025-12,20240415E103FE60193F,20210216FBE603DD8FB4,202102161A1277417B16
hms_inst1,2025-12,20240612BD164963E34B,20210216FBE603DD8FB4,202102161A1277417B16
hms_inst1,2025-12,202407152EBA3845A1AB,20210216FBE603DD8FB4,202102161A1277417B16
hms_inst1,2025-12,2024073085085242FC70,20210216FBE603DD8FB4,202102161A1277417B16
hms_inst1,2025-12,2024120901591EA5F7A5,20210216FBE603DD8FB4,202102161A1277417B16
hms_inst1,2025-12,2025050283F45DAFB4E1,20210216FBE603DD8FB4,202102161A1277417B16
hms_inst1,2025-12,202505029CC64F923A2C,20210216FBE603DD8FB4,202102161A1277417B16
hms_inst1,2025-12,202103061555E36C4FF2,2021030316AD873A9D91,20210304BB894995B1FA
hms_inst1,2025-12,20210306392A320D54A5,2021030316AD873A9D91,20210304BB894995B1FA
hms_inst1,2025-12,2021030655867FF4372A,2021030316AD873A9D91,20210304BB894995B1FA
hms_inst1,2025-12,202103067D9338F5016A,2021030316AD873A9D91,20210304BB894995B1FA
hms_inst1,2025-12,202103067EEBABE67C89,2021030316AD873A9D91,20210304BB894995B1FA
hms_inst1,2025-12,20210306864505F0B7F3,2021030316AD873A9D91,20210304BB894995B1FA
hms_inst1,2025-12,202103068DA5DE2C9C6A,2021030316AD873A9D91,20210304BB894995B1FA
hms_inst1,2025-12,202103069335499D1B7A,2021030316AD873A9D91,20210304BB894995B1FA
hms_inst1,2025-12,202103069504E6432CD4,2021030316AD873A9D91,20210304BB894995B1FA
hms_inst1,2025-12,20210306D86D33EC90C3,2021030316AD873A9D91,20210304BB894995B1FA
hms_inst1,2025-12,202108310D64DD0AD225,2021030316AD873A9D91,20210304BB894995B1FA
hms_inst1,2025-12,20210831CD0ABF143965,2021030316AD873A9D91,20210304BB894995B1FA
hms_inst1,2025-12,202111014355212F60E4,2021030316AD873A9D91,20210304BB894995B1FA
hms_inst1,2025-12,2021113093535C83F9F6,2021030316AD873A9D91,20210304BB894995B1FA
hms_inst1,2025-12,202204286923189E1DA3,2021030316AD873A9D91,20210304BB894995B1FA
hms_inst1,2025-12,202207046E39AB54D1A4,2021030316AD873A9D91,20210304BB894995B1FA
hms_inst1,2025-12,20221107B8DE4C60F367,2021030316AD873A9D91,20210304BB894995B1FA
hms_inst1,2025-12,20230105BFAA9409AA96,2021030316AD873A9D91,20210304BB894995B1FA
hms_inst1,2025-12,20230620E6A7DD449B74,2021030316AD873A9D91,20210304BB894995B1FA
hms_inst1,2025-12,2023103121E51F675A23,2021030316AD873A9D91,20210304BB894995B1FA
hms_inst1,2025-12,20241011D8AA0AA21F55,2021030316AD873A9D91,20210304BB894995B1FA
hms_inst1,2025-12,20241011EA9C814CCB18,2021030316AD873A9D91,20210304BB894995B1FA
hms_inst1,2025-12,202411152ED192F51527,2021030316AD873A9D91,20210304BB894995B1FA
hms_inst1,2025-12,202502018FF319350A92,2021030316AD873A9D91,20210304BB894995B1FA
hms_inst1,2025-12,202502019FAF8802B548,2021030316AD873A9D91,20210304BB894995B1FA
hms_inst1,2025-12,202503257B0F8E480E3E,2021030316AD873A9D91,20210304BB894995B1FA
hms_inst1,2025-12,202504010A658C66C70A,2021030316AD873A9D91,20210304BB894995B1FA
hms_inst1,2025-12,202504017A82F963B1EF,2021030316AD873A9D91,20210304BB894995B1FA
hms_inst1,2025-12,20250915304DDA382D5E,2021030316AD873A9D91,20210304BB894995B1FA
hms_inst1,2025-12,2025092943512740FDB9,2021030316AD873A9D91,20210304BB894995B1FA
hms_inst1,2025-12,20251130905F23A42509,2021030316AD873A9D91,20210304BB894995B1FA
hms_inst1,2025-12,20220201D8173CB2E942,20210412BD4EB64076C3,2021041272D13FD754F5
hms_inst1,2025-12,20220203E0AF165F0F74,20210412BD4EB64076C3,2021041272D13FD754F5
hms_inst1,2025-12,20220224B7A0D60BBDB1,20210412BD4EB64076C3,2021041272D13FD754F5
hms_inst1,2025-12,202203095386BC8F95BC,20210412BD4EB64076C3,2021041272D13FD754F5
hms_inst1,2025-12,20220314870EB4C65B64,20210412BD4EB64076C3,2021041272D13FD754F5
hms_inst1,2025-12,20220323DDE839F0D533,20210412BD4EB64076C3,2021041272D13FD754F5
hms_inst1,2025-12,20220622415B148A9792,20210412BD4EB64076C3,2021041272D13FD754F5
hms_inst1,2025-12,2022102905BCF611EED0,20210412BD4EB64076C3,2021041272D13FD754F5
hms_inst1,2025-12,20221118A48026A105CE,20210412BD4EB64076C3,2021041272D13FD754F5
hms_inst1,2025-12,20221119404EEAF7E4CD,20210412BD4EB64076C3,2021041272D13FD754F5
hms_inst1,2025-12,2023010968CA305CCD79,20210412BD4EB64076C3,2021041272D13FD754F5
hms_inst1,2025-12,2023060889B92DBAEBAA,20210412BD4EB64076C3,2021041272D13FD754F5
hms_inst1,2025-12,20230720BCC9F84458EA,20210412BD4EB64076C3,2021041272D13FD754F5
hms_inst1,2025-12,20230920BE719AC1CF02,20210412BD4EB64076C3,2021041272D13FD754F5
hms_inst1,2025-12,2023122811D7CB8AA7E5,20210412BD4EB64076C3,2021041272D13FD754F5
hms_inst1,2025-12,20240113B3A24B350BD1,20210412BD4EB64076C3,2021041272D13FD754F5
hms_inst1,2025-12,20240603533E05CDABBE,20210412BD4EB64076C3,2021041272D13FD754F5
hms_inst1,2025-12,20240801513FB4BC8B16,20210412BD4EB64076C3,2021041272D13FD754F5
hms_inst1,2025-12,20240906E596B0B7C6CD,20210412BD4EB64076C3,2021041272D13FD754F5
hms_inst1,2025-12,20240920834582E7E92E,20210412BD4EB64076C3,2021041272D13FD754F5
hms_inst1,2025-12,20250104AB38840BAE21,20210412BD4EB64076C3,2021041272D13FD754F5
hms_inst1,2025-12,2025041826187FFC78C0,20210412BD4EB64076C3,2021041272D13FD754F5
hms_inst1,2025-12,20250610F4D7B14967D9,20210412BD4EB64076C3,2021041272D13FD754F5
hms_inst1,2025-12,202510218EFFC09E1B42,20210412BD4EB64076C3,2021041272D13FD754F5
hms_inst1,2025-12,202510293DDCAA2183C3,20210412BD4EB64076C3,2021041272D13FD754F5
hms_inst1,2025-12,20251114E99DE8030D4B,20210412BD4EB64076C3,2021041272D13FD754F5
hms_inst1,2025-12,202511286095E62644DE,20210412BD4EB64076C3,2021041272D13FD754F5
hms_inst1,2025-12,2021041901081F53DECB,2021041969673A6BB1FD,202104198A4FAE7B3181
hms_inst1,2025-12,2021041902DEEE862AAB,2021041969673A6BB1FD,202104198A4FAE7B3181
hms_inst1,2025-12,2021041910AAFC4EDF8F,2021041969673A6BB1FD,202104198A4FAE7B3181
hms_inst1,2025-12,202104191AA8349E6B63,2021041969673A6BB1FD,202104198A4FAE7B3181
hms_inst1,2025-12,202104191DDE039CC360,2021041969673A6BB1FD,202104198A4FAE7B3181
hms_inst1,2025-12,202104191F3238C226AA,2021041969673A6BB1FD,202104198A4FAE7B3181
hms_inst1,2025-12,20210419309DCEF275A3,2021041969673A6BB1FD,202104198A4FAE7B3181
hms_inst1,2025-12,20210419390FA3A15AA4,2021041969673A6BB1FD,202104198A4FAE7B3181
hms_inst1,2025-12,2021041955A917845CC2,2021041969673A6BB1FD,202104198A4FAE7B3181
hms_inst1,2025-12,202104195AD04287FA9B,2021041969673A6BB1FD,202104198A4FAE7B3181
hms_inst1,2025-12,202104195DEE9AAD10D2,2021041969673A6BB1FD,202104198A4FAE7B3181
hms_inst1,2025-12,202104195E2FE8E18E3B,2021041969673A6BB1FD,202104198A4FAE7B3181
hms_inst1,2025-12,2021041961594A722429,2021041969673A6BB1FD,202104198A4FAE7B3181
hms_inst1,2025-12,20210419633CA9E45AAD,2021041969673A6BB1FD,202104198A4FAE7B3181
hms_inst1,2025-12,2021041979D942F28844,2021041969673A6BB1FD,202104198A4FAE7B3181
hms_inst1,2025-12,2021041982C0D629D64F,2021041969673A6BB1FD,202104198A4FAE7B3181
hms_inst1,2025-12,202104198606943DC14B,2021041969673A6BB1FD,202104198A4FAE7B3181
hms_inst1,2025-12,202104198ACD64B100B5,2021041969673A6BB1FD,202104198A4FAE7B3181
hms_inst1,2025-12,20210419A401823960D9,2021041969673A6BB1FD,202104198A4FAE7B3181
hms_inst1,2025-12,20210419BF5FD7225EC3,2021041969673A6BB1FD,202104198A4FAE7B3181
hms_inst1,2025-12,20210419D1773F55011D,2021041969673A6BB1FD,202104198A4FAE7B3181
hms_inst1,2025-12,20210419DD7EB4474575,2021041969673A6BB1FD,202104198A4FAE7B3181
hms_inst1,2025-12,20210419E3BD1E5AD244,2021041969673A6BB1FD,202104198A4FAE7B3181
hms_inst1,2025-12,20210419E91C12802284,2021041969673A6BB1FD,202104198A4FAE7B3181
hms_inst1,2025-12,20210419F7D9445A16D8,2021041969673A6BB1FD,202104198A4FAE7B3181
hms_inst1,2025-12,20210419FA81328F5017,2021041969673A6BB1FD,202104198A4FAE7B3181
hms_inst1,2025-12,202105065473E14127E6,2021041969673A6BB1FD,202104198A4FAE7B3181
hms_inst1,2025-12,2021061010C58F04F97B,2021041969673A6BB1FD,202104198A4FAE7B3181
hms_inst1,2025-12,20211203E41B2F717247,2021041969673A6BB1FD,202104198A4FAE7B3181
hms_inst1,2025-12,2022021437D7690284BB,2021041969673A6BB1FD,202104198A4FAE7B3181
hms_inst1,2025-12,2022051793838D0AEBAE,2021041969673A6BB1FD,202104198A4FAE7B3181
hms_inst1,2025-12,202206130A723075BB1C,2021041969673A6BB1FD,202104198A4FAE7B3181
hms_inst1,2025-12,2022080834A4EA8B8D86,2021041969673A6BB1FD,202104198A4FAE7B3181
hms_inst1,2025-12,20230701C50C6A97C777,2021041969673A6BB1FD,202104198A4FAE7B3181
hms_inst1,2025-12,20230712F5BD15029DC3,2021041969673A6BB1FD,202104198A4FAE7B3181
hms_inst1,2025-12,202308142ADEDC3C4E6D,2021041969673A6BB1FD,202104198A4FAE7B3181
hms_inst1,2025-12,20231019B8E28C600EE4,2021041969673A6BB1FD,202104198A4FAE7B3181
hms_inst1,2025-12,20231027DB74BF8936A3,2021041969673A6BB1FD,202104198A4FAE7B3181
hms_inst1,2025-12,20231028DAD4554135AF,2021041969673A6BB1FD,202104198A4FAE7B3181
hms_inst1,2025-12,202311139C041587DF72,2021041969673A6BB1FD,202104198A4FAE7B3181
hms_inst1,2025-12,20231206ACC54C68AD20,2021041969673A6BB1FD,202104198A4FAE7B3181
hms_inst1,2025-12,202404037605B1D6B823,2021041969673A6BB1FD,202104198A4FAE7B3181
hms_inst1,2025-12,20240916A1625ECFBD96,2021041969673A6BB1FD,202104198A4FAE7B3181
hms_inst1,2025-12,2024102833063BA31410,2021041969673A6BB1FD,202104198A4FAE7B3181
hms_inst1,2025-12,20250127EEB6B26A9D23,2021041969673A6BB1FD,202104198A4FAE7B3181
hms_inst1,2025-12,20250217E06FDB61EE78,2021041969673A6BB1FD,202104198A4FAE7B3181
hms_inst1,2025-12,2025022663E8697AE381,2021041969673A6BB1FD,202104198A4FAE7B3181
hms_inst1,2025-12,20250310067406809591,2021041969673A6BB1FD,202104198A4FAE7B3181
hms_inst1,2025-12,20250313B389E161EB4E,2021041969673A6BB1FD,202104198A4FAE7B3181
hms_inst1,2025-12,202505103AFF437B5648,2021041969673A6BB1FD,202104198A4FAE7B3181
hms_inst1,2025-12,202510140513F265023D,2021041969673A6BB1FD,202104198A4FAE7B3181
hms_inst1,2025-12,202511032102C6D3DF53,2021041969673A6BB1FD,202104198A4FAE7B3181
hms_inst1,2025-12,2025110350D356737463,2021041969673A6BB1FD,202104198A4FAE7B3181
hms_inst1,2025-12,202511127E3E4544A848,2021041969673A6BB1FD,202104198A4FAE7B3181
hms_inst1,2025-12,20251112E3707CFF02B7,2021041969673A6BB1FD,202104198A4FAE7B3181
hms_inst1,2025-12,202104211190EEF1C47F,2021042170FCF9394530,202104212C42CBB70492
hms_inst1,2025-12,2021042137D761D4BEF4,2021042170FCF9394530,202104212C42CBB70492
hms_inst1,2025-12,202104215BB2F32A9612,2021042170FCF9394530,202104212C42CBB70492
hms_inst1,2025-12,20210421AEAC084114F3,2021042170FCF9394530,202104212C42CBB70492
hms_inst1,2025-12,20210626DA64CD25540C,2021042170FCF9394530,202104212C42CBB70492
hms_inst1,2025-12,20220802B96D377C5B83,2021042170FCF9394530,202104212C42CBB70492
hms_inst1,2025-12,2023060944C8C7BB55DA,2021042170FCF9394530,202104212C42CBB70492
hms_inst1,2025-12,2024010888C038FFE9FA,2021042170FCF9394530,202104212C42CBB70492
hms_inst1,2025-12,20240119B1D7185CEDEB,2021042170FCF9394530,202104212C42CBB70492
hms_inst1,2025-12,2024062605DA025C429E,2021042170FCF9394530,202104212C42CBB70492
hms_inst1,2025-12,20240710E5E4AAC07F38,2021042170FCF9394530,202104212C42CBB70492
hms_inst1,2025-12,20241105305F58B9758E,2021042170FCF9394530,202104212C42CBB70492
hms_inst1,2025-12,20241210F33588FF6BDB,2021042170FCF9394530,202104212C42CBB70492
hms_inst1,2025-12,202502156AA30C95C6D5,2021042170FCF9394530,202104212C42CBB70492
hms_inst1,2025-12,2025052311133250E19C,2021042170FCF9394530,202104212C42CBB70492
hms_inst1,2025-12,202506301C0424C239E4,2021042170FCF9394530,202104212C42CBB70492
hms_inst1,2025-12,2025071941DDA9F52CD1,2021042170FCF9394530,202104212C42CBB70492
hms_inst1,2025-12,2025081498BF9000B33C,2021042170FCF9394530,202104212C42CBB70492
hms_inst1,2025-12,20250826E6C6DBBC59CC,2021042170FCF9394530,202104212C42CBB70492
hms_inst1,2025-12,20251008CEFD3D76324D,2021042170FCF9394530,202104212C42CBB70492
hms_inst1,2025-12,202511122E68075FE319,2021042170FCF9394530,202104212C42CBB70492
hms_inst1,2025-12,20251126CE52271ADD0D,2021042170FCF9394530,202104212C42CBB70492
hms_inst1,2025-12,202104213B482B1E382C,202104211A97BD41A5F1,20210421BBB75B40B62F
hms_inst1,2025-12,202104215CED5222419B,202104211A97BD41A5F1,20210421BBB75B40B62F
hms_inst1,2025-12,2021042171E2DEE193DA,202104211A97BD41A5F1,20210421BBB75B40B62F
hms_inst1,2025-12,202104217716C1E82964,202104211A97BD41A5F1,20210421BBB75B40B62F
hms_inst1,2025-12,20210421870E8DD67779,202104211A97BD41A5F1,20210421BBB75B40B62F
hms_inst1,2025-12,202104219AE0DE0217DF,202104211A97BD41A5F1,20210421BBB75B40B62F
hms_inst1,2025-12,20210421A1A863D04187,202104211A97BD41A5F1,20210421BBB75B40B62F
hms_inst1,2025-12,20210421B2CD5064D5E7,202104211A97BD41A5F1,20210421BBB75B40B62F
hms_inst1,2025-12,20210421CCDFFA27192F,202104211A97BD41A5F1,20210421BBB75B40B62F
hms_inst1,2025-12,20210421CDF89D72290F,202104211A97BD41A5F1,20210421BBB75B40B62F
hms_inst1,2025-12,20210421E8992CE8D0BB,202104211A97BD41A5F1,20210421BBB75B40B62F
hms_inst1,2025-12,2021052437B7414B40C8,202104211A97BD41A5F1,20210421BBB75B40B62F
hms_inst1,2025-12,20210913623509F9ECA5,202104211A97BD41A5F1,20210421BBB75B40B62F
hms_inst1,2025-12,202112291878E8652B7B,202104211A97BD41A5F1,20210421BBB75B40B62F
hms_inst1,2025-12,2022010601433C4B7AB9,202104211A97BD41A5F1,20210421BBB75B40B62F
hms_inst1,2025-12,202202122D640227A43E,202104211A97BD41A5F1,20210421BBB75B40B62F
hms_inst1,2025-12,20220223BBA6F56C9D7D,202104211A97BD41A5F1,20210421BBB75B40B62F
hms_inst1,2025-12,20220517959C9FB327E0,202104211A97BD41A5F1,20210421BBB75B40B62F
hms_inst1,2025-12,2022072778E990ECF71E,202104211A97BD41A5F1,20210421BBB75B40B62F
hms_inst1,2025-12,202208033A59E21E6955,202104211A97BD41A5F1,20210421BBB75B40B62F
hms_inst1,2025-12,20220815945BFDF89EDA,202104211A97BD41A5F1,20210421BBB75B40B62F
hms_inst1,2025-12,202208179628A98D1E43,202104211A97BD41A5F1,20210421BBB75B40B62F
hms_inst1,2025-12,2022082303FA51592406,202104211A97BD41A5F1,20210421BBB75B40B62F
hms_inst1,2025-12,202210038B5549ECF54F,202104211A97BD41A5F1,20210421BBB75B40B62F
hms_inst1,2025-12,2022102078E3F79D6876,202104211A97BD41A5F1,20210421BBB75B40B62F
hms_inst1,2025-12,2022110586E79D83C198,202104211A97BD41A5F1,20210421BBB75B40B62F
hms_inst1,2025-12,2022110715BEE7489C9B,202104211A97BD41A5F1,20210421BBB75B40B62F
hms_inst1,2025-12,20221107520F292EC5D1,202104211A97BD41A5F1,20210421BBB75B40B62F
hms_inst1,2025-12,202211145CB29EE30CBF,202104211A97BD41A5F1,20210421BBB75B40B62F
hms_inst1,2025-12,202301167D98D7D49C83,202104211A97BD41A5F1,20210421BBB75B40B62F
hms_inst1,2025-12,20230201DF3E0312E82C,202104211A97BD41A5F1,20210421BBB75B40B62F
hms_inst1,2025-12,202302033E5DD66CED98,202104211A97BD41A5F1,20210421BBB75B40B62F
hms_inst1,2025-12,202303023A851F0F6F87,202104211A97BD41A5F1,20210421BBB75B40B62F
hms_inst1,2025-12,20230302E8A61230FC34,202104211A97BD41A5F1,20210421BBB75B40B62F
hms_inst1,2025-12,20230331490C1D9C19B9,202104211A97BD41A5F1,20210421BBB75B40B62F
hms_inst1,2025-12,202304101B03774995B5,202104211A97BD41A5F1,20210421BBB75B40B62F
hms_inst1,2025-12,202304177C2C88145D0F,202104211A97BD41A5F1,20210421BBB75B40B62F
hms_inst1,2025-12,202305017EF257A65796,202104211A97BD41A5F1,20210421BBB75B40B62F
hms_inst1,2025-12,2023050183C96B63D645,202104211A97BD41A5F1,20210421BBB75B40B62F
hms_inst1,2025-12,202305066C7696597EC7,202104211A97BD41A5F1,20210421BBB75B40B62F
hms_inst1,2025-12,20230506A01D654C0C5C,202104211A97BD41A5F1,20210421BBB75B40B62F
hms_inst1,2025-12,20230506B9473274A7F9,202104211A97BD41A5F1,20210421BBB75B40B62F
hms_inst1,2025-12,20230902C9880F668660,202104211A97BD41A5F1,20210421BBB75B40B62F
hms_inst1,2025-12,2023110778C48B7F0B2B,202104211A97BD41A5F1,20210421BBB75B40B62F
hms_inst1,2025-12,20240221F379BA68194D,202104211A97BD41A5F1,20210421BBB75B40B62F
hms_inst1,2025-12,202406114D742124B273,202104211A97BD41A5F1,20210421BBB75B40B62F
hms_inst1,2025-12,202406183DCD469CC0E8,202104211A97BD41A5F1,20210421BBB75B40B62F
hms_inst1,2025-12,202407109916CE1751A8,202104211A97BD41A5F1,20210421BBB75B40B62F
hms_inst1,2025-12,20240710F9DDE79A232A,202104211A97BD41A5F1,20210421BBB75B40B62F
hms_inst1,2025-12,202409141A467517F310,202104211A97BD41A5F1,20210421BBB75B40B62F
hms_inst1,2025-12,202410020EAA6BAD5D5B,202104211A97BD41A5F1,20210421BBB75B40B62F
hms_inst1,2025-12,202410040933EAAF10EB,202104211A97BD41A5F1,20210421BBB75B40B62F
hms_inst1,2025-12,20250107168C78CE9962,202104211A97BD41A5F1,20210421BBB75B40B62F
hms_inst1,2025-12,20250121C04CDD352119,202104211A97BD41A5F1,20210421BBB75B40B62F
hms_inst1,2025-12,202502044E81DBE52AA3,202104211A97BD41A5F1,20210421BBB75B40B62F
hms_inst1,2025-12,202502258D9923D4707B,202104211A97BD41A5F1,20210421BBB75B40B62F
hms_inst1,2025-12,2025031719E6640FDCC9,202104211A97BD41A5F1,20210421BBB75B40B62F
hms_inst1,2025-12,20250324162E1D8AD832,202104211A97BD41A5F1,20210421BBB75B40B62F
hms_inst1,2025-12,20250407E21D925F9B74,202104211A97BD41A5F1,20210421BBB75B40B62F
hms_inst1,2025-12,2025060209CA1DFCF0DF,202104211A97BD41A5F1,20210421BBB75B40B62F
hms_inst1,2025-12,202506214FDECB45149C,202104211A97BD41A5F1,20210421BBB75B40B62F
hms_inst1,2025-12,2025062530D78DB4D738,202104211A97BD41A5F1,20210421BBB75B40B62F
hms_inst1,2025-12,20250710FCBB19D9AB50,202104211A97BD41A5F1,20210421BBB75B40B62F
hms_inst1,2025-12,202509157BF50024885E,202104211A97BD41A5F1,20210421BBB75B40B62F
hms_inst1,2025-12,20251003DA703E93CF9F,202104211A97BD41A5F1,20210421BBB75B40B62F
hms_inst1,2025-12,202511038548DDC781F2,202104211A97BD41A5F1,20210421BBB75B40B62F
hms_inst1,2025-12,20251103C58739A51B43,202104211A97BD41A5F1,20210421BBB75B40B62F
hms_inst1,2025-12,202511219D3D7B431C81,202104211A97BD41A5F1,20210421BBB75B40B62F
hms_inst1,2025-12,2021042910BF76A5A736,2021042170FCF9394530,20210428BFB14CA09E6F
hms_inst1,2025-12,202104291608C47456A7,2021042170FCF9394530,20210428BFB14CA09E6F
hms_inst1,2025-12,20210429571EC061E606,2021042170FCF9394530,20210428BFB14CA09E6F
hms_inst1,2025-12,202104297FF95D352E1F,2021042170FCF9394530,20210428BFB14CA09E6F
hms_inst1,2025-12,20210429815353B2E1E1,2021042170FCF9394530,20210428BFB14CA09E6F
hms_inst1,2025-12,2021042983A863AA0650,2021042170FCF9394530,20210428BFB14CA09E6F
hms_inst1,2025-12,20210429E425F6DDDCC2,2021042170FCF9394530,20210428BFB14CA09E6F
hms_inst1,2025-12,20210429E5A2E7409F96,2021042170FCF9394530,20210428BFB14CA09E6F
hms_inst1,2025-12,20210429E7F351EAC496,2021042170FCF9394530,20210428BFB14CA09E6F
hms_inst1,2025-12,20210429EE431933F9D2,2021042170FCF9394530,20210428BFB14CA09E6F
hms_inst1,2025-12,2021051409B0EBD8AEF7,202105107CE2E8B897BE,202105102F0377E9DC55
hms_inst1,2025-12,2021051424576E92A5F9,202105107CE2E8B897BE,202105102F0377E9DC55
hms_inst1,2025-12,202105142EFB5934DBCD,202105107CE2E8B897BE,202105102F0377E9DC55
hms_inst1,2025-12,20210514419D4D29FE92,202105107CE2E8B897BE,202105102F0377E9DC55
hms_inst1,2025-12,2021051446A1CC1F1DEA,202105107CE2E8B897BE,202105102F0377E9DC55
hms_inst1,2025-12,202105146300FB0667B0,202105107CE2E8B897BE,202105102F0377E9DC55
hms_inst1,2025-12,2021051493F372324F80,202105107CE2E8B897BE,202105102F0377E9DC55
hms_inst1,2025-12,20210514A274D8F5E876,202105107CE2E8B897BE,202105102F0377E9DC55
hms_inst1,2025-12,20210514A681D6DF052D,202105107CE2E8B897BE,202105102F0377E9DC55
hms_inst1,2025-12,20210514B47FBC75435D,202105107CE2E8B897BE,202105102F0377E9DC55
hms_inst1,2025-12,20210514C011B1D7438D,202105107CE2E8B897BE,202105102F0377E9DC55
hms_inst1,2025-12,20210514E3450D5A400D,202105107CE2E8B897BE,202105102F0377E9DC55
hms_inst1,2025-12,20210514EA35BF0DD2BF,202105107CE2E8B897BE,202105102F0377E9DC55
hms_inst1,2025-12,20210514EE47C51181D5,202105107CE2E8B897BE,202105102F0377E9DC55
hms_inst1,2025-12,2021072858C27C3ED24E,202105107CE2E8B897BE,202105102F0377E9DC55
hms_inst1,2025-12,20211229F71057026E64,202105107CE2E8B897BE,202105102F0377E9DC55
hms_inst1,2025-12,2025012582ABDD560252,202105107CE2E8B897BE,202105102F0377E9DC55
hms_inst1,2025-12,2025063046770A65A752,202105107CE2E8B897BE,202105102F0377E9DC55
hms_inst1,2025-12,20250630A59BA53B69AD,202105107CE2E8B897BE,202105102F0377E9DC55
hms_inst1,2025-12,20250630DA066BA08194,202105107CE2E8B897BE,202105102F0377E9DC55
hms_inst1,2025-12,202507026B33AC5BA0E7,202105107CE2E8B897BE,202105102F0377E9DC55
hms_inst1,2025-12,20210524BC6FEC1328FC,202105111CF4FC0F7AAA,20210511DF36C11BA059
hms_inst1,2025-12,20210524C856EA70E4AC,202105111CF4FC0F7AAA,20210511DF36C11BA059
hms_inst1,2025-12,20220401FD555D88A3CC,202105111CF4FC0F7AAA,20210511DF36C11BA059
hms_inst1,2025-12,202303078719418F5DB8,202105111CF4FC0F7AAA,20210511DF36C11BA059
hms_inst1,2025-12,20210517062BE2A3B2D2,20210512E4BA9BAB5249,202105121D493400B12A
hms_inst1,2025-12,2021051725F09D31771B,20210512E4BA9BAB5249,202105121D493400B12A
hms_inst1,2025-12,202105173691C49E936A,20210512E4BA9BAB5249,202105121D493400B12A
hms_inst1,2025-12,20210517416D26D3FEE5,20210512E4BA9BAB5249,202105121D493400B12A
hms_inst1,2025-12,2021051746D488D9CC92,20210512E4BA9BAB5249,202105121D493400B12A
hms_inst1,2025-12,202105174CE3D89494EA,20210512E4BA9BAB5249,202105121D493400B12A
hms_inst1,2025-12,202105174E420E6969A7,20210512E4BA9BAB5249,202105121D493400B12A
hms_inst1,2025-12,202105177531E0ECD70A,20210512E4BA9BAB5249,202105121D493400B12A
hms_inst1,2025-12,2021051782512409EFF9,20210512E4BA9BAB5249,202105121D493400B12A
hms_inst1,2025-12,20210517ACCA70C98358,20210512E4BA9BAB5249,202105121D493400B12A
hms_inst1,2025-12,20210517B941BF925C2E,20210512E4BA9BAB5249,202105121D493400B12A
hms_inst1,2025-12,20210517D668A50D87DF,20210512E4BA9BAB5249,202105121D493400B12A
hms_inst1,2025-12,20210517DD24DB27D753,20210512E4BA9BAB5249,202105121D493400B12A
hms_inst1,2025-12,20210517E2920D36935B,20210512E4BA9BAB5249,202105121D493400B12A
hms_inst1,2025-12,20210517E313DB27113C,20210512E4BA9BAB5249,202105121D493400B12A
hms_inst1,2025-12,20210517EDD36B4A4302,20210512E4BA9BAB5249,202105121D493400B12A
hms_inst1,2025-12,20210517FDDF2170CC32,20210512E4BA9BAB5249,202105121D493400B12A
hms_inst1,2025-12,202106289FF0FCE9FE32,20210512E4BA9BAB5249,202105121D493400B12A
hms_inst1,2025-12,2021091523CE96F58E16,20210512E4BA9BAB5249,202105121D493400B12A
hms_inst1,2025-12,202109153A60826772B3,20210512E4BA9BAB5249,202105121D493400B12A
hms_inst1,2025-12,20210915AD88764D166A,20210512E4BA9BAB5249,202105121D493400B12A
hms_inst1,2025-12,2021121075BDB47BE0C0,20210512E4BA9BAB5249,202105121D493400B12A
hms_inst1,2025-12,2022020250ED8AF85693,20210512E4BA9BAB5249,202105121D493400B12A
hms_inst1,2025-12,202205066FECFC21FF99,20210512E4BA9BAB5249,202105121D493400B12A
hms_inst1,2025-12,20230301722999969B39,20210512E4BA9BAB5249,202105121D493400B12A
hms_inst1,2025-12,20230309C5CA9B25AC22,20210512E4BA9BAB5249,202105121D493400B12A
hms_inst1,2025-12,2023032852EC45BE6F88,20210512E4BA9BAB5249,202105121D493400B12A
hms_inst1,2025-12,202307010DB30A4AB4FE,20210512E4BA9BAB5249,202105121D493400B12A
hms_inst1,2025-12,2024042664F56A15164D,20210512E4BA9BAB5249,202105121D493400B12A
hms_inst1,2025-12,202405173185D591FA60,20210512E4BA9BAB5249,202105121D493400B12A
hms_inst1,2025-12,2024052837308C621C0F,20210512E4BA9BAB5249,202105121D493400B12A
hms_inst1,2025-12,202407012E36C0F7926D,20210512E4BA9BAB5249,202105121D493400B12A
hms_inst1,2025-12,202407013FD4FB055F14,20210512E4BA9BAB5249,202105121D493400B12A
hms_inst1,2025-12,202407014E019E8BA951,20210512E4BA9BAB5249,202105121D493400B12A
hms_inst1,2025-12,202408056D4A8548E6AB,20210512E4BA9BAB5249,202105121D493400B12A
hms_inst1,2025-12,20240820F06E8D15ADA2,20210512E4BA9BAB5249,202105121D493400B12A
hms_inst1,2025-12,20240923C0543A0F3FE9,20210512E4BA9BAB5249,202105121D493400B12A
hms_inst1,2025-12,202410016A26A2A07C55,20210512E4BA9BAB5249,202105121D493400B12A
hms_inst1,2025-12,202410024A21C74F5705,20210512E4BA9BAB5249,202105121D493400B12A
hms_inst1,2025-12,20241024F5E42FBF3A78,20210512E4BA9BAB5249,202105121D493400B12A
hms_inst1,2025-12,202411189DE3209D6255,20210512E4BA9BAB5249,202105121D493400B12A
hms_inst1,2025-12,20250128DF11702C2032,20210512E4BA9BAB5249,202105121D493400B12A
hms_inst1,2025-12,20250203FB0FC8CFF520,20210512E4BA9BAB5249,202105121D493400B12A
hms_inst1,2025-12,20250224C5FE3CCFC340,20210512E4BA9BAB5249,202105121D493400B12A
hms_inst1,2025-12,20250304DE78875C337C,20210512E4BA9BAB5249,202105121D493400B12A
hms_inst1,2025-12,20250401422571CE2492,20210512E4BA9BAB5249,202105121D493400B12A
hms_inst1,2025-12,202504016C9268E97620,20210512E4BA9BAB5249,202105121D493400B12A
hms_inst1,2025-12,20250407E7D813C31B74,20210512E4BA9BAB5249,202105121D493400B12A
hms_inst1,2025-12,2025041707B545FF383A,20210512E4BA9BAB5249,202105121D493400B12A
hms_inst1,2025-12,20250417D611CD2388BA,20210512E4BA9BAB5249,202105121D493400B12A
hms_inst1,2025-12,2025041867FA32EC58C7,20210512E4BA9BAB5249,202105121D493400B12A
hms_inst1,2025-12,20250419DBFD7D2840A7,20210512E4BA9BAB5249,202105121D493400B12A
hms_inst1,2025-12,20250502CF2836FB69C8,20210512E4BA9BAB5249,202105121D493400B12A
hms_inst1,2025-12,20250505658BB118D57B,20210512E4BA9BAB5249,202105121D493400B12A
hms_inst1,2025-12,20250519522277BA57D8,20210512E4BA9BAB5249,202105121D493400B12A
hms_inst1,2025-12,2025052372236B7E395D,20210512E4BA9BAB5249,202105121D493400B12A
hms_inst1,2025-12,20250610DD01EDB71550,20210512E4BA9BAB5249,202105121D493400B12A
hms_inst1,2025-12,20250901A691854574D5,20210512E4BA9BAB5249,202105121D493400B12A
hms_inst1,2025-12,20251006EFCC85E2FAD8,20210512E4BA9BAB5249,202105121D493400B12A
hms_inst1,2025-12,20251103978E70A41EEF,20210512E4BA9BAB5249,202105121D493400B12A
hms_inst1,2025-12,20251103C51C8D61FA8B,20210512E4BA9BAB5249,202105121D493400B12A
hms_inst1,2025-12,20251117394C4E0954DF,20210512E4BA9BAB5249,202105121D493400B12A
hms_inst1,2025-12,202511194B9BF7FF42D5,20210512E4BA9BAB5249,202105121D493400B12A
hms_inst1,2025-12,20210513040587765591,2021051357BC849DE6D3,20210513CEEF9896B088
hms_inst1,2025-12,2021051331D6D959BB08,2021051357BC849DE6D3,20210513CEEF9896B088
hms_inst1,2025-12,202105134F83CF8756B8,2021051357BC849DE6D3,20210513CEEF9896B088
hms_inst1,2025-12,20210513553B84A0E8EF,2021051357BC849DE6D3,20210513CEEF9896B088
hms_inst1,2025-12,20210513E1ACA90BC762,2021051357BC849DE6D3,20210513CEEF9896B088
hms_inst1,2025-12,20210519AAA5B31EFA38,2021051357BC849DE6D3,20210513CEEF9896B088
hms_inst1,2025-12,202105206549FA7E114B,2021051357BC849DE6D3,20210513CEEF9896B088
hms_inst1,2025-12,20220521164A48A4FCDB,2021051357BC849DE6D3,20210513CEEF9896B088
hms_inst1,2025-12,202207252E2B1544AA94,2021051357BC849DE6D3,20210513CEEF9896B088
hms_inst1,2025-12,20230220D4ECE4C17C87,2021051357BC849DE6D3,20210513CEEF9896B088
hms_inst1,2025-12,2023051655CBB986F046,2021051357BC849DE6D3,20210513CEEF9896B088
hms_inst1,2025-12,20230919519B5455620C,2021051357BC849DE6D3,20210513CEEF9896B088
hms_inst1,2025-12,202404116909489D02F3,2021051357BC849DE6D3,20210513CEEF9896B088
hms_inst1,2025-12,20240411EA56F0204655,2021051357BC849DE6D3,20210513CEEF9896B088
hms_inst1,2025-12,20240730F01D2D4D9CF3,2021051357BC849DE6D3,20210513CEEF9896B088
hms_inst1,2025-12,202504240AFF73F4C3C1,2021051357BC849DE6D3,20210513CEEF9896B088
hms_inst1,2025-12,20210514389336E2E49D,202105135A5B06F8A969,20210513E81C90DB1614
hms_inst1,2025-12,2021051453F6A3FAF6AE,202105135A5B06F8A969,20210513E81C90DB1614
hms_inst1,2025-12,20210514CB7681EEC35F,202105135A5B06F8A969,20210513E81C90DB1614
hms_inst1,2025-12,202204078AD15261B4C0,202105135A5B06F8A969,20210513E81C90DB1614
hms_inst1,2025-12,202206027B4D07B95E27,202105135A5B06F8A969,20210513E81C90DB1614
hms_inst1,2025-12,202208249DD66FF5D986,202105135A5B06F8A969,20210513E81C90DB1614
hms_inst1,2025-12,20220921AF4346EA6B96,202105135A5B06F8A969,20210513E81C90DB1614
hms_inst1,2025-12,20221020DFEC721BF2BA,202105135A5B06F8A969,20210513E81C90DB1614
hms_inst1,2025-12,20230215CC74F7C12B63,202105135A5B06F8A969,20210513E81C90DB1614
hms_inst1,2025-12,202307074915CC1C21EB,202105135A5B06F8A969,20210513E81C90DB1614
hms_inst1,2025-12,20230707A52C768D135A,202105135A5B06F8A969,20210513E81C90DB1614
hms_inst1,2025-12,20230707D19A43B9D7D6,202105135A5B06F8A969,20210513E81C90DB1614
hms_inst1,2025-12,202309065CE01583B183,202105135A5B06F8A969,20210513E81C90DB1614
hms_inst1,2025-12,20240329062FC9621272,202105135A5B06F8A969,20210513E81C90DB1614
hms_inst1,2025-12,202501227480A7E7E512,202105135A5B06F8A969,20210513E81C90DB1614
hms_inst1,2025-12,20250227ADDA813499F9,202105135A5B06F8A969,20210513E81C90DB1614
hms_inst1,2025-12,202502284E217601C922,202105135A5B06F8A969,20210513E81C90DB1614
hms_inst1,2025-12,20250513A1A77974ED93,202105135A5B06F8A969,20210513E81C90DB1614
hms_inst1,2025-12,202105144C6E4051489F,202105103BB9A061A139,2021051460A1B78A2EAA
hms_inst1,2025-12,20210612F0F0E5B4DF21,202105103BB9A061A139,2021051460A1B78A2EAA
hms_inst1,2025-12,20210625B4480A4FC113,202105103BB9A061A139,2021051460A1B78A2EAA
hms_inst1,2025-12,20210625C0C251713287,202105103BB9A061A139,2021051460A1B78A2EAA
hms_inst1,2025-12,20210625D1394EBCD6FD,202105103BB9A061A139,2021051460A1B78A2EAA
hms_inst1,2025-12,20241208BF23797BD5CE,202105103BB9A061A139,2021051460A1B78A2EAA
hms_inst1,2025-12,2023032522D87BD99108,20210515CC620423259C,20210515579750D30D14
hms_inst1,2025-12,2023032580891D017344,20210515CC620423259C,20210515579750D30D14
hms_inst1,2025-12,20230325C255D0DAD7B4,20210515CC620423259C,20210515579750D30D14
hms_inst1,2025-12,2022020127FCA6C41E21,2021051834F09D2A5794,20210519108B9866FD1B
hms_inst1,2025-12,202202012B900CDA5C44,2021051834F09D2A5794,20210519108B9866FD1B
hms_inst1,2025-12,2022020145E61F94CCB6,2021051834F09D2A5794,20210519108B9866FD1B
hms_inst1,2025-12,2022020153F2B1196834,2021051834F09D2A5794,20210519108B9866FD1B
hms_inst1,2025-12,20220201B78FC099F6D0,2021051834F09D2A5794,20210519108B9866FD1B
hms_inst1,2025-12,20220201EEEA6383FE26,2021051834F09D2A5794,20210519108B9866FD1B
hms_inst1,2025-12,202210145834B349A062,2021051834F09D2A5794,20210519108B9866FD1B
hms_inst1,2025-12,20221019163D2155386A,2021051834F09D2A5794,20210519108B9866FD1B
hms_inst1,2025-12,202211011B2091F4186C,2021051834F09D2A5794,20210519108B9866FD1B
hms_inst1,2025-12,202303279D53CD1B7DBC,2021051834F09D2A5794,20210519108B9866FD1B
hms_inst1,2025-12,20230327A905B125089A,2021051834F09D2A5794,20210519108B9866FD1B
hms_inst1,2025-12,20231102C359061C88A8,2021051834F09D2A5794,20210519108B9866FD1B
hms_inst1,2025-12,2024100464AC6A107086,2021051834F09D2A5794,20210519108B9866FD1B
hms_inst1,2025-12,202410053D99FB6FBBE3,2021051834F09D2A5794,20210519108B9866FD1B
hms_inst1,2025-12,202410054AAA0FDA995A,2021051834F09D2A5794,20210519108B9866FD1B
hms_inst1,2025-12,20241130125319732E91,2021051834F09D2A5794,20210519108B9866FD1B
hms_inst1,2025-12,20241130A405FA929F4A,2021051834F09D2A5794,20210519108B9866FD1B
hms_inst1,2025-12,20241130B9A3F5249955,2021051834F09D2A5794,20210519108B9866FD1B
hms_inst1,2025-12,20241130CE3495939F3D,2021051834F09D2A5794,20210519108B9866FD1B
hms_inst1,2025-12,20241130E329C8C40235,2021051834F09D2A5794,20210519108B9866FD1B
hms_inst1,2025-12,20250315FA747E55E72A,2021051834F09D2A5794,20210519108B9866FD1B
hms_inst1,2025-12,202505054957956958A6,2021051834F09D2A5794,20210519108B9866FD1B
hms_inst1,2025-12,202509302ED5FB82B7CC,20210522FBBA4C3676B3,202105226E89A8B3B554
hms_inst1,2025-12,202509303024DA473FD2,20210522FBBA4C3676B3,202105226E89A8B3B554
hms_inst1,2025-12,202509303E2619764FF8,20210522FBBA4C3676B3,202105226E89A8B3B554
hms_inst1,2025-12,2025093050128C696A81,20210522FBBA4C3676B3,202105226E89A8B3B554
hms_inst1,2025-12,202509305885F2639B02,20210522FBBA4C3676B3,202105226E89A8B3B554
hms_inst1,2025-12,202509308681DD495D93,20210522FBBA4C3676B3,202105226E89A8B3B554
hms_inst1,2025-12,202509308E35561F63EE,20210522FBBA4C3676B3,202105226E89A8B3B554
hms_inst1,2025-12,20250930971C7180F488,20210522FBBA4C3676B3,202105226E89A8B3B554
hms_inst1,2025-12,202509309C9F632BD25B,20210522FBBA4C3676B3,202105226E89A8B3B554
hms_inst1,2025-12,20250930DE25F39A7574,20210522FBBA4C3676B3,202105226E89A8B3B554
hms_inst1,2025-12,20250930EE1320FC0EC8,20210522FBBA4C3676B3,202105226E89A8B3B554
hms_inst1,2025-12,20250930F5CC15EB93D4,20210522FBBA4C3676B3,202105226E89A8B3B554
hms_inst1,2025-12,20250930FF4A23AD8EF6,20210522FBBA4C3676B3,202105226E89A8B3B554
hms_inst1,2025-12,20251026EFE274035B0C,20210522FBBA4C3676B3,202105226E89A8B3B554
hms_inst1,2025-12,2025112617D163B16D18,20210522FBBA4C3676B3,202105226E89A8B3B554
hms_inst1,2025-12,20251201764CE54147D3,20210522FBBA4C3676B3,202105226E89A8B3B554
hms_inst1,2025-12,2025121285F88621750A,20210522FBBA4C3676B3,202105226E89A8B3B554
hms_inst1,2025-12,20251212CB1DB8933FAE,20210522FBBA4C3676B3,202105226E89A8B3B554
hms_inst1,2025-12,20251213B8F210824ED2,20210522FBBA4C3676B3,202105226E89A8B3B554
hms_inst1,2025-12,202512171DCBB14E956C,20210522FBBA4C3676B3,202105226E89A8B3B554
hms_inst1,2025-12,20251217C80A3064BB70,20210522FBBA4C3676B3,202105226E89A8B3B554
hms_inst1,2025-12,20251224E4FEB6572651,20210522FBBA4C3676B3,202105226E89A8B3B554
hms_inst1,2025-12,202106308850A04F43C6,20210528DCEE1DAD59F3,20210528C3DB23BAAB39
hms_inst1,2025-12,20210701D84224F897F7,20210528DCEE1DAD59F3,20210528C3DB23BAAB39
hms_inst1,2025-12,20210705204B641CD526,20210528DCEE1DAD59F3,20210528C3DB23BAAB39
hms_inst1,2025-12,202208020745363AEFAD,20210528DCEE1DAD59F3,20210528C3DB23BAAB39
hms_inst1,2025-12,202208054470323DC2DF,20210528DCEE1DAD59F3,20210528C3DB23BAAB39
hms_inst1,2025-12,20220816105FF505D057,20210528DCEE1DAD59F3,20210528C3DB23BAAB39
hms_inst1,2025-12,20220816C304AF8350AD,20210528DCEE1DAD59F3,20210528C3DB23BAAB39
hms_inst1,2025-12,2022090749339FDA46BD,20210528DCEE1DAD59F3,20210528C3DB23BAAB39
hms_inst1,2025-12,20221213444F72DBEC41,20210528DCEE1DAD59F3,20210528C3DB23BAAB39
hms_inst1,2025-12,202301062FAD10A5B464,20210528DCEE1DAD59F3,20210528C3DB23BAAB39
hms_inst1,2025-12,2023021333E4D6353D21,20210528DCEE1DAD59F3,20210528C3DB23BAAB39
hms_inst8,2025-12,2022011986E2B5E62DCC,202201172D044B38A6B8,202201173C5CC362991E
hms_inst8,2025-12,2022022202D9C8B424C9,202201172D044B38A6B8,202201173C5CC362991E
hms_inst8,2025-12,2024020798DA7A4F7F13,202201172D044B38A6B8,202201173C5CC362991E
hms_inst8,2025-12,202402130639F6E5BB4E,202201172D044B38A6B8,202201173C5CC362991E
hms_inst8,2025-12,202407022F1F09AA3777,202201172D044B38A6B8,202201173C5CC362991E
hms_inst8,2025-12,20240702806FD376F54F,202201172D044B38A6B8,202201173C5CC362991E
hms_inst8,2025-12,20240705E9C3AF9B24DD,202201172D044B38A6B8,202201173C5CC362991E
hms_inst8,2025-12,202409258214BE5022C6,202201172D044B38A6B8,202201173C5CC362991E
hms_inst8,2025-12,202410179DC32FE44DF2,202201172D044B38A6B8,202201173C5CC362991E
hms_inst8,2025-12,202504225B015EA5CE05,202201172D044B38A6B8,202201173C5CC362991E
hms_inst8,2025-12,20250502DEF18E7FB332,202201172D044B38A6B8,202201173C5CC362991E
hms_inst8,2025-12,202506308A29AE4BE08B,202201172D044B38A6B8,202201173C5CC362991E
hms_inst8,2025-12,20250926D7B7EDBFB08C,202201172D044B38A6B8,202201173C5CC362991E
hms_inst8,2025-12,202511180FF436EAFA1D,202201172D044B38A6B8,202201173C5CC362991E
hms_inst8,2025-12,2025112246FF15397C58,202201172D044B38A6B8,202201173C5CC362991E
hms_inst8,2025-12,202205060C9FD7F831BD,202201176AB0E1A2A7FA,20220117F1F7FD665156
hms_inst8,2025-12,202205065F49C0AE6A46,202201176AB0E1A2A7FA,20220117F1F7FD665156
hms_inst8,2025-12,20220506B520210F5739,202201176AB0E1A2A7FA,20220117F1F7FD665156
hms_inst8,2025-12,20220506E2F3343F47F0,202201176AB0E1A2A7FA,20220117F1F7FD665156
hms_inst8,2025-12,202206060EB883798FCC,202201176AB0E1A2A7FA,20220117F1F7FD665156
hms_inst8,2025-12,20220606178CE18F2978,202201176AB0E1A2A7FA,20220117F1F7FD665156
hms_inst8,2025-12,202206061885D5532660,202201176AB0E1A2A7FA,20220117F1F7FD665156
hms_inst8,2025-12,20220606259E3FCD0A2F,202201176AB0E1A2A7FA,20220117F1F7FD665156
hms_inst8,2025-12,20220606407FC94F5F09,202201176AB0E1A2A7FA,20220117F1F7FD665156
hms_inst8,2025-12,2022060642EA62110963,202201176AB0E1A2A7FA,20220117F1F7FD665156
hms_inst8,2025-12,2022060676FE6D5C9A71,202201176AB0E1A2A7FA,20220117F1F7FD665156
hms_inst8,2025-12,202206067AAD5D7BB529,202201176AB0E1A2A7FA,20220117F1F7FD665156
hms_inst8,2025-12,202206067E1443C7FE15,202201176AB0E1A2A7FA,20220117F1F7FD665156
hms_inst8,2025-12,2022060699173952064D,202201176AB0E1A2A7FA,20220117F1F7FD665156
hms_inst8,2025-12,202206069C84FF3D2B9F,202201176AB0E1A2A7FA,20220117F1F7FD665156
hms_inst8,2025-12,20220606B49D4D46DC94,202201176AB0E1A2A7FA,20220117F1F7FD665156
hms_inst8,2025-12,20220606B5D1F69FE781,202201176AB0E1A2A7FA,20220117F1F7FD665156
hms_inst8,2025-12,20220606DA558BBD383F,202201176AB0E1A2A7FA,20220117F1F7FD665156
hms_inst8,2025-12,20220606F11D9B7D1283,202201176AB0E1A2A7FA,20220117F1F7FD665156
hms_inst8,2025-12,20220802D375EEAE7C82,202201176AB0E1A2A7FA,20220117F1F7FD665156
hms_inst8,2025-12,20220802E8B6B92EEBF6,202201176AB0E1A2A7FA,20220117F1F7FD665156
hms_inst8,2025-12,202302176AB812968A38,202201176AB0E1A2A7FA,20220117F1F7FD665156
hms_inst8,2025-12,20230703212E19537CC2,202201176AB0E1A2A7FA,20220117F1F7FD665156
hms_inst8,2025-12,202511224EE36832582B,202201176AB0E1A2A7FA,20220117F1F7FD665156
hms_inst8,2025-12,202201210CA091CCA375,20220118963F1A5038C7,20220118446576A21315
hms_inst8,2025-12,2022012151B86E9CEE70,20220118963F1A5038C7,20220118446576A21315
hms_inst8,2025-12,20220121F0786A232BE7,20220118963F1A5038C7,20220118446576A21315
hms_inst8,2025-12,20220121F84C939A841B,20220118963F1A5038C7,20220118446576A21315
hms_inst8,2025-12,202302067BC3F06BD760,20220118963F1A5038C7,20220118446576A21315
hms_inst8,2025-12,202404203712837B0D9E,20220118963F1A5038C7,20220118446576A21315
hms_inst8,2025-12,20241003D73CDFA36C80,20220118963F1A5038C7,20220118446576A21315
hms_inst8,2025-12,20250613B29E8D38C968,20220118963F1A5038C7,20220118446576A21315
hms_inst8,2025-12,202508029BB82D58199E,20220118963F1A5038C7,20220118446576A21315
hms_inst8,2025-12,202202181338C1E60E96,202201223AD495FFFB88,20220122B60CFC165B9F
hms_inst8,2025-12,2022021818ABBCB9DEFE,202201223AD495FFFB88,20220122B60CFC165B9F
hms_inst8,2025-12,2022021838FE746C0D40,202201223AD495FFFB88,20220122B60CFC165B9F
hms_inst8,2025-12,202202183A9C2A081B18,202201223AD495FFFB88,20220122B60CFC165B9F
hms_inst8,2025-12,20220218565F0482C5F2,202201223AD495FFFB88,20220122B60CFC165B9F
hms_inst8,2025-12,20220218A0BB20316F83,202201223AD495FFFB88,20220122B60CFC165B9F
hms_inst8,2025-12,20220218D2E953421296,202201223AD495FFFB88,20220122B60CFC165B9F
hms_inst8,2025-12,20220218ED98A6D0DC33,202201223AD495FFFB88,20220122B60CFC165B9F
hms_inst8,2025-12,20220218EF40A5C72FC2,202201223AD495FFFB88,20220122B60CFC165B9F
hms_inst8,2025-12,20220218FEAD1D163E93,202201223AD495FFFB88,20220122B60CFC165B9F
hms_inst8,2025-12,20220310B3D7DD42B3CB,202201223AD495FFFB88,20220122B60CFC165B9F
hms_inst8,2025-12,20220705A31FD35A8C23,202201223AD495FFFB88,20220122B60CFC165B9F
hms_inst8,2025-12,202304285430528E9A8D,202201223AD495FFFB88,20220122B60CFC165B9F
hms_inst8,2025-12,2023072976278376D1B6,202201223AD495FFFB88,20220122B60CFC165B9F
hms_inst8,2025-12,2024073014BC91E2CEF3,202201223AD495FFFB88,20220122B60CFC165B9F
hms_inst8,2025-12,202201224787402861A4,20220122312783E16E64,20220122EF096522252A
hms_inst8,2025-12,202201254541DE070A74,20220122312783E16E64,20220122EF096522252A
hms_inst8,2025-12,20220127449BA69B7C89,20220122312783E16E64,20220122EF096522252A
hms_inst8,2025-12,20220127E42A762E4894,20220122312783E16E64,20220122EF096522252A
hms_inst8,2025-12,202202151646BE0129ED,20220122312783E16E64,20220122EF096522252A
hms_inst8,2025-12,202202158F33B7C8B7BE,20220122312783E16E64,20220122EF096522252A
hms_inst8,2025-12,20220215DBF96ABB37A2,20220122312783E16E64,20220122EF096522252A
hms_inst8,2025-12,20220215E94F8FF9398F,20220122312783E16E64,20220122EF096522252A
hms_inst8,2025-12,202201273070694FAC0D,20220124AB4EE7903B69,20220124D7D645882103
hms_inst8,2025-12,20220127C780366A7E55,20220124AB4EE7903B69,20220124D7D645882103
hms_inst8,2025-12,20220131079AAFD5678A,20220124AB4EE7903B69,20220124D7D645882103
hms_inst8,2025-12,2022020849323E9789EA,20220124AB4EE7903B69,20220124D7D645882103
hms_inst8,2025-12,20240302ABCA5C87ADBF,20220124AB4EE7903B69,20220124D7D645882103
hms_inst8,2025-12,2024030911A7DA029CB0,20220124AB4EE7903B69,20220124D7D645882103
hms_inst8,2025-12,202403183E63DC57778B,20220124AB4EE7903B69,20220124D7D645882103
hms_inst8,2025-12,20240511F15237BD5C3E,20220124AB4EE7903B69,20220124D7D645882103
hms_inst8,2025-12,20240622BC350A60483B,20220124AB4EE7903B69,20220124D7D645882103
hms_inst8,2025-12,2024100143470181387B,20220124AB4EE7903B69,20220124D7D645882103
hms_inst8,2025-12,202504123A7F562266C8,20220124AB4EE7903B69,20220124D7D645882103
hms_inst8,2025-12,20250412C499BCDFD91B,20220124AB4EE7903B69,20220124D7D645882103
hms_inst8,2025-12,20220126595E846A8418,20220126866D8F3CDE47,20220126123FDD212B63
hms_inst8,2025-12,20221107EF383E491C7F,20220126866D8F3CDE47,20220126123FDD212B63
hms_inst8,2025-12,2022012669E27493178E,20220126866D8F3CDE47,202201269476AF851830
hms_inst8,2025-12,202201269673283080D4,20220126866D8F3CDE47,202201269476AF851830
hms_inst8,2025-12,20220126ADE55E7E52AE,20220126866D8F3CDE47,202201269476AF851830
hms_inst8,2025-12,20220126C72D7BC1422C,20220126866D8F3CDE47,202201269476AF851830
hms_inst8,2025-12,2022072202D31CF577D5,20220126866D8F3CDE47,202201269476AF851830
hms_inst8,2025-12,2022101081D7656B234F,20220126866D8F3CDE47,202201269476AF851830
hms_inst8,2025-12,202305027F73DE5AB935,20220126866D8F3CDE47,202201269476AF851830
hms_inst8,2025-12,20231106F8B10B93B0CF,20220126866D8F3CDE47,202201269476AF851830
hms_inst8,2025-12,20220127092D0E3DC23E,20220126866D8F3CDE47,20220126CD76381E822E
hms_inst8,2025-12,20220127231E46264BC9,20220126866D8F3CDE47,20220126CD76381E822E
hms_inst8,2025-12,202201276D44CCDA864F,20220126866D8F3CDE47,20220126CD76381E822E
hms_inst8,2025-12,202203060DFA183FF51C,20220126866D8F3CDE47,20220126CD76381E822E
hms_inst8,2025-12,20220126AACE856D8CB0,20220126866D8F3CDE47,20220126D62FD507DA23
hms_inst8,2025-12,20220126C941EF699A19,20220126866D8F3CDE47,20220126D62FD507DA23
hms_inst8,2025-12,20220126E411016D8F9E,20220126866D8F3CDE47,20220126D62FD507DA23
hms_inst8,2025-12,202506254624739A0F1C,20220126866D8F3CDE47,20220126D62FD507DA23
hms_inst8,2025-12,202507017ABBCF3C6DA4,20220126866D8F3CDE47,20220126D62FD507DA23
hms_inst8,2025-12,202507017FBE39487E6B,20220126866D8F3CDE47,20220126D62FD507DA23
hms_inst8,2025-12,202511102F9BEF9F6486,20220126866D8F3CDE47,20220126D62FD507DA23
hms_inst8,2025-12,2022012687E10D8AB5D6,2022012602F41FC51AD7,20220126DC3095F7CC73
hms_inst8,2025-12,202201281BE4A62085D4,2022012602F41FC51AD7,20220126DC3095F7CC73
hms_inst8,2025-12,20220128450D02A4CE19,2022012602F41FC51AD7,20220126DC3095F7CC73
hms_inst8,2025-12,202202014C890026B108,2022012602F41FC51AD7,20220126DC3095F7CC73
hms_inst8,2025-12,202209226BD9CD4489C6,2022012602F41FC51AD7,20220126DC3095F7CC73
hms_inst8,2025-12,2022101406F6A9159643,202201274258ED7A4B50,202201272A7058558E77
hms_inst8,2025-12,202210140874C58D105E,202201274258ED7A4B50,202201272A7058558E77
hms_inst8,2025-12,202210140DFA03A55C8D,202201274258ED7A4B50,202201272A7058558E77
hms_inst8,2025-12,2022101499548B23299F,202201274258ED7A4B50,202201272A7058558E77
hms_inst8,2025-12,20221014ACDB8D543AD1,202201274258ED7A4B50,202201272A7058558E77
hms_inst8,2025-12,20221014C0D247AB144D,202201274258ED7A4B50,202201272A7058558E77
hms_inst8,2025-12,20221014E750E6E875E5,202201274258ED7A4B50,202201272A7058558E77
hms_inst8,2025-12,20221014F421AFD4D34A,202201274258ED7A4B50,202201272A7058558E77
hms_inst8,2025-12,2022120731FF0FC43247,202201274258ED7A4B50,202201272A7058558E77
hms_inst8,2025-12,20230119D7867F214C06,202201274258ED7A4B50,202201272A7058558E77
hms_inst8,2025-12,202305224B7A379EAC79,202201274258ED7A4B50,202201272A7058558E77
hms_inst8,2025-12,20230730A814BD1721D7,202201274258ED7A4B50,202201272A7058558E77
hms_inst8,2025-12,2024052904488FDDAF1C,202201274258ED7A4B50,202201272A7058558E77
hms_inst8,2025-12,20240606F55F779F85EE,202201274258ED7A4B50,202201272A7058558E77
hms_inst8,2025-12,20240912CFBBAF59D5B4,202201274258ED7A4B50,202201272A7058558E77
hms_inst8,2025-12,20241002E2BD574DD00A,202201274258ED7A4B50,202201272A7058558E77
hms_inst8,2025-12,20241118D67157279E27,202201274258ED7A4B50,202201272A7058558E77
hms_inst8,2025-12,202412091087A676C595,202201274258ED7A4B50,202201272A7058558E77
hms_inst8,2025-12,2025012008199F1653FA,202201274258ED7A4B50,202201272A7058558E77
hms_inst8,2025-12,202501202EA1F9D39877,202201274258ED7A4B50,202201272A7058558E77
hms_inst8,2025-12,202504082178EB845718,202201274258ED7A4B50,202201272A7058558E77
hms_inst8,2025-12,20220212ED0AB62FCAF8,2022012897F6A4C7422F,20220128965CCDCDED6D
hms_inst8,2025-12,20220501D5AD296A34E0,2022012897F6A4C7422F,20220128965CCDCDED6D
hms_inst8,2025-12,202207255A5D7C057B71,2022012897F6A4C7422F,20220128965CCDCDED6D
hms_inst8,2025-12,20221126A394AE1E81DF,2022012897F6A4C7422F,20220128965CCDCDED6D
hms_inst8,2025-12,2023021520CF79F9A9C7,2022012897F6A4C7422F,20220128965CCDCDED6D
hms_inst8,2025-12,20230602FF139EFD7EA9,2022012897F6A4C7422F,20220128965CCDCDED6D
hms_inst8,2025-12,202406055F9CFD6391FF,2022012897F6A4C7422F,20220128965CCDCDED6D
hms_inst8,2025-12,20240701EE3F5E486317,2022012897F6A4C7422F,20220128965CCDCDED6D
hms_inst8,2025-12,202410022ACA6D8F5C10,2022012897F6A4C7422F,20220128965CCDCDED6D
hms_inst8,2025-12,20241215877FC2005569,2022012897F6A4C7422F,20220128965CCDCDED6D
hms_inst8,2025-12,2025022788EF9F66E864,2022012897F6A4C7422F,20220128965CCDCDED6D
hms_inst8,2025-12,202503091550E7E9FA24,2022012897F6A4C7422F,20220128965CCDCDED6D
hms_inst8,2025-12,202503122A58FDD16DE5,2022012897F6A4C7422F,20220128965CCDCDED6D
hms_inst8,2025-12,2025050172AE687A8389,2022012897F6A4C7422F,20220128965CCDCDED6D
hms_inst8,2025-12,20251014E5CED03CDEA3,2022012897F6A4C7422F,20220128965CCDCDED6D
hms_inst8,2025-12,20251020AE19A020CC9F,2022012897F6A4C7422F,20220128965CCDCDED6D
hms_inst8,2025-12,202201314FB3A284D4E3,2022012420084FB1FD0F,20220128EC2F6E95A78E
hms_inst8,2025-12,2022013180F77CA56E98,2022012420084FB1FD0F,20220128EC2F6E95A78E
hms_inst8,2025-12,2022013189837750FDE1,2022012420084FB1FD0F,20220128EC2F6E95A78E
hms_inst8,2025-12,20230508963066C8358D,2022012420084FB1FD0F,20220128EC2F6E95A78E
hms_inst8,2025-12,20230607591ABE6403F1,2022012420084FB1FD0F,20220128EC2F6E95A78E
hms_inst8,2025-12,20230614F0A66BB23F8A,2022012420084FB1FD0F,20220128EC2F6E95A78E
hms_inst8,2025-12,202402011B320B5AFFF8,2022012420084FB1FD0F,20220128EC2F6E95A78E
hms_inst8,2025-12,20240705F83ACA409373,2022012420084FB1FD0F,20220128EC2F6E95A78E
hms_inst8,2025-12,20250211E3B997C7F835,2022012420084FB1FD0F,20220128EC2F6E95A78E
hms_inst8,2025-12,202504025D4D1DB39D28,2022012420084FB1FD0F,20220128EC2F6E95A78E
hms_inst8,2025-12,202505153265BA640C90,2022012420084FB1FD0F,20220128EC2F6E95A78E
hms_inst8,2025-12,20251020DB316EFB3F67,2022012420084FB1FD0F,20220128EC2F6E95A78E
hms_inst8,2025-12,20251117E9BD87E5225F,2022012420084FB1FD0F,20220128EC2F6E95A78E
hms_inst8,2025-12,20251208152E414FCB7E,2022012420084FB1FD0F,20220128EC2F6E95A78E
hms_inst8,2025-12,202202012D5FE865A3D7,202201291028EF6C8F9B,202201299CE27813A296
hms_inst8,2025-12,20220207E018FB9D7E3E,202201291028EF6C8F9B,202201299CE27813A296
hms_inst8,2025-12,20220207F5455238DDB6,202201291028EF6C8F9B,202201299CE27813A296
hms_inst8,2025-12,202207123B8314DB0A61,202201291028EF6C8F9B,202201299CE27813A296
hms_inst8,2025-12,202305309D2621441934,202201291028EF6C8F9B,202201299CE27813A296
hms_inst8,2025-12,202404295BDA7C4C3304,202201291028EF6C8F9B,202201299CE27813A296
hms_inst8,2025-12,20241126D2F3D09E51D8,202201291028EF6C8F9B,202201299CE27813A296
hms_inst8,2025-12,202506033157B240087A,202201291028EF6C8F9B,202201299CE27813A296
hms_inst8,2025-12,20250603F512070C5994,202201291028EF6C8F9B,202201299CE27813A296
hms_inst8,2025-12,20250603FF94ADAC8C74,202201291028EF6C8F9B,202201299CE27813A296
hms_inst8,2025-12,20251002D9D53B4C20BF,202201291028EF6C8F9B,202201299CE27813A296
hms_inst8,2025-12,20251002DFDAFB8F4C90,202201291028EF6C8F9B,202201299CE27813A296
hms_inst8,2025-12,202202010446EE3AD6A0,20220129B68B71DCF67B,20220129B851CA143881
hms_inst8,2025-12,202202010B0B4D01A56D,20220129B68B71DCF67B,20220129B851CA143881
hms_inst8,2025-12,202202010DD143698282,20220129B68B71DCF67B,20220129B851CA143881
hms_inst8,2025-12,20220201145395E14FBB,20220129B68B71DCF67B,20220129B851CA143881
hms_inst8,2025-12,20220201184AC8256173,20220129B68B71DCF67B,20220129B851CA143881
hms_inst8,2025-12,20220201297C0D8B7AC6,20220129B68B71DCF67B,20220129B851CA143881
hms_inst8,2025-12,202202013A1D184A3D48,20220129B68B71DCF67B,20220129B851CA143881
hms_inst8,2025-12,20220201922CF9B0B248,20220129B68B71DCF67B,20220129B851CA143881
hms_inst8,2025-12,202202019AEF24468294,20220129B68B71DCF67B,20220129B851CA143881
hms_inst8,2025-12,20220201A5DABB28F56A,20220129B68B71DCF67B,20220129B851CA143881
hms_inst8,2025-12,20220201AD8B714C37F0,20220129B68B71DCF67B,20220129B851CA143881
hms_inst8,2025-12,20220201D5AAB658B132,20220129B68B71DCF67B,20220129B851CA143881
hms_inst8,2025-12,20220201DB1E4734B3FF,20220129B68B71DCF67B,20220129B851CA143881
hms_inst8,2025-12,20220201E5538A644C25,20220129B68B71DCF67B,20220129B851CA143881
hms_inst8,2025-12,20220201F0BC4F4B02BE,20220129B68B71DCF67B,20220129B851CA143881
hms_inst8,2025-12,2022021325A5C572DBB8,20220129B68B71DCF67B,20220129B851CA143881
hms_inst8,2025-12,20220616548B60811064,20220129B68B71DCF67B,20220129B851CA143881
hms_inst8,2025-12,20220822F588CA502706,20220129B68B71DCF67B,20220129B851CA143881
hms_inst8,2025-12,20230315EF5ED1ED98C3,20220129B68B71DCF67B,20220129B851CA143881
hms_inst8,2025-12,20230512E337FE09486B,20220129B68B71DCF67B,20220129B851CA143881
hms_inst8,2025-12,2024050476C06BB55639,20220129B68B71DCF67B,20220129B851CA143881
hms_inst8,2025-12,20240603DE442534B1B7,20220129B68B71DCF67B,20220129B851CA143881
hms_inst8,2025-12,20241017B68D47B9AD17,20220129B68B71DCF67B,20220129B851CA143881
hms_inst8,2025-12,2025031341C9B7D60A4B,20220129B68B71DCF67B,20220129B851CA143881
hms_inst8,2025-12,2025041783ECD69C38CD,20220129B68B71DCF67B,20220129B851CA143881
hms_inst8,2025-12,20250526340B5903717E,20220129B68B71DCF67B,20220129B851CA143881
hms_inst8,2025-12,20250901EC80E4F407F9,20220129B68B71DCF67B,20220129B851CA143881
hms_inst8,2025-12,202201312DCF3CED4615,20220131C74A88D59DF4,202201312F3806216DD9
hms_inst8,2025-12,20220131A00122BF97F9,20220131C74A88D59DF4,202201312F3806216DD9
hms_inst8,2025-12,20220131A978C9B88961,20220131C74A88D59DF4,202201312F3806216DD9
hms_inst8,2025-12,20220131B58F975DACFE,20220131C74A88D59DF4,202201312F3806216DD9
hms_inst8,2025-12,202202084564A23695F8,20220131C74A88D59DF4,202201312F3806216DD9
hms_inst8,2025-12,202205151F53AD4F7A82,20220131C74A88D59DF4,202201312F3806216DD9
hms_inst8,2025-12,202209292AD9C08C6117,20220131C74A88D59DF4,202201312F3806216DD9
hms_inst8,2025-12,20220929DA6C157AAA5C,20220131C74A88D59DF4,202201312F3806216DD9
hms_inst8,2025-12,20230727082F57E6E5D4,20220131C74A88D59DF4,202201312F3806216DD9
hms_inst8,2025-12,20231226124127F91D73,20220131C74A88D59DF4,202201312F3806216DD9
hms_inst8,2025-12,2024092622063F85D249,20220131C74A88D59DF4,202201312F3806216DD9
hms_inst8,2025-12,202409262EC35A552D30,20220131C74A88D59DF4,202201312F3806216DD9
hms_inst8,2025-12,20240926A1BBD0B6BA3A,20220131C74A88D59DF4,202201312F3806216DD9
hms_inst8,2025-12,2025112002070B082EB0,20220131C74A88D59DF4,202201312F3806216DD9
hms_inst8,2025-12,20251120197C4B97A7E9,20220131C74A88D59DF4,202201312F3806216DD9
hms_inst8,2025-12,20251120B8FA4987EE09,20220131C74A88D59DF4,202201312F3806216DD9
hms_inst8,2025-12,202511211522981116B4,20220131C74A88D59DF4,202201312F3806216DD9
hms_inst8,2025-12,2025112120E80C741144,20220131C74A88D59DF4,202201312F3806216DD9
hms_inst8,2025-12,2025112700FBC7F7F12A,20220131C74A88D59DF4,202201312F3806216DD9
hms_inst8,2025-12,2025112925A6DEB8267D,20220131C74A88D59DF4,202201312F3806216DD9
hms_inst8,2025-12,202511295409A65F848A,20220131C74A88D59DF4,202201312F3806216DD9
hms_inst8,2025-12,20251226B9A65E9E32CB,20220131C74A88D59DF4,202201312F3806216DD9
hms_inst8,2025-12,20220209111C84DE777B,20220201CE80D3770AE9,20220201D4A4792392C9
hms_inst8,2025-12,202202092413CB524263,20220201CE80D3770AE9,20220201D4A4792392C9
hms_inst8,2025-12,20220209250A21B0320A,20220201CE80D3770AE9,20220201D4A4792392C9
hms_inst8,2025-12,2022020934DD12731AEB,20220201CE80D3770AE9,20220201D4A4792392C9
hms_inst8,2025-12,202202093D8EC18765DA,20220201CE80D3770AE9,20220201D4A4792392C9
hms_inst8,2025-12,202202094ABCBB48E87D,20220201CE80D3770AE9,20220201D4A4792392C9
hms_inst8,2025-12,2022020964008D6CAE0B,20220201CE80D3770AE9,20220201D4A4792392C9
hms_inst8,2025-12,202202098E1DE7CBBC4E,20220201CE80D3770AE9,20220201D4A4792392C9
hms_inst8,2025-12,2022020995B43371EA53,20220201CE80D3770AE9,20220201D4A4792392C9
hms_inst8,2025-12,20220209C0CCE5111D92,20220201CE80D3770AE9,20220201D4A4792392C9
hms_inst8,2025-12,20220209DBDC01AE88F5,20220201CE80D3770AE9,20220201D4A4792392C9
hms_inst8,2025-12,20220209F736ED0519A4,20220201CE80D3770AE9,20220201D4A4792392C9
hms_inst8,2025-12,20220211CE2B0C78D1CB,20220201CE80D3770AE9,20220201D4A4792392C9
hms_inst8,2025-12,20230318852AF4D75223,20220201CE80D3770AE9,20220201D4A4792392C9
hms_inst8,2025-12,20230707006C80074B24,20220201CE80D3770AE9,20220201D4A4792392C9
hms_inst8,2025-12,202308186BB45DC36E5F,20220201CE80D3770AE9,20220201D4A4792392C9
hms_inst8,2025-12,2023082927ECA59F72DE,20220201CE80D3770AE9,20220201D4A4792392C9
hms_inst8,2025-12,2023112329DDCD00563E,20220201CE80D3770AE9,20220201D4A4792392C9
hms_inst8,2025-12,20240304FE978C729E7C,20220201CE80D3770AE9,20220201D4A4792392C9
hms_inst8,2025-12,202404053C3389990920,20220201CE80D3770AE9,20220201D4A4792392C9
hms_inst8,2025-12,20240604917046A1B473,20220201CE80D3770AE9,20220201D4A4792392C9
hms_inst8,2025-12,202408135B4030AF2AF4,20220201CE80D3770AE9,20220201D4A4792392C9
hms_inst8,2025-12,2024091285EEEF421DC0,20220201CE80D3770AE9,20220201D4A4792392C9
hms_inst8,2025-12,202410246EEBE4C61284,20220201CE80D3770AE9,20220201D4A4792392C9
hms_inst8,2025-12,20241103CD035B4EF1F7,20220201CE80D3770AE9,20220201D4A4792392C9
hms_inst8,2025-12,20241120435DE6A93503,20220201CE80D3770AE9,20220201D4A4792392C9
hms_inst8,2025-12,20241120B52786C626B0,20220201CE80D3770AE9,20220201D4A4792392C9
hms_inst8,2025-12,20250204A0F4AB175A4A,20220201CE80D3770AE9,20220201D4A4792392C9
hms_inst8,2025-12,20250331790736690331,20220201CE80D3770AE9,20220201D4A4792392C9
hms_inst8,2025-12,202507023715643C7A2C,20220201CE80D3770AE9,20220201D4A4792392C9
hms_inst8,2025-12,20250703FAACDFADBDBA,20220201CE80D3770AE9,20220201D4A4792392C9
hms_inst8,2025-12,20250704039F97D22BF9,20220201CE80D3770AE9,20220201D4A4792392C9
hms_inst8,2025-12,202508303465BC2F518E,20220201CE80D3770AE9,20220201D4A4792392C9
hms_inst8,2025-12,2025083042E08F2763FB,20220201CE80D3770AE9,20220201D4A4792392C9
hms_inst8,2025-12,20251115A0331CB566E2,20220201CE80D3770AE9,20220201D4A4792392C9
hms_inst8,2025-12,20221107B974DB4C897C,20220201C43961E42306,20220201FD5C314004BD
hms_inst8,2025-12,202408193565C8A4072E,20220201C43961E42306,20220201FD5C314004BD
hms_inst8,2025-12,202506048AC9DD0F418E,20220201C43961E42306,20220201FD5C314004BD
hms_inst8,2025-12,2025110312343080BCA1,20220201C43961E42306,20220201FD5C314004BD
hms_inst8,2025-12,20251117F61AFE68221D,20220201C43961E42306,20220201FD5C314004BD
hms_inst8,2025-12,20220203F2161F05D483,20220201C43961E42306,202202028168B73EC706
hms_inst8,2025-12,2022020883B27136B1F8,20220201CE80D3770AE9,20220204284970D9C9E1
hms_inst8,2025-12,20220208929B5756DC88,20220201CE80D3770AE9,20220204284970D9C9E1
hms_inst8,2025-12,20240506B4A83E908F8F,20220201CE80D3770AE9,20220204284970D9C9E1
hms_inst8,2025-12,20250701CE2102B434B8,20220201CE80D3770AE9,20220204284970D9C9E1
hms_inst8,2025-12,2025111468CBCDEFD829,20220201CE80D3770AE9,20220204284970D9C9E1
hms_inst8,2025-12,202202260A711F6D7A8C,20220204258110E7D172,2022020446706B834772
hms_inst8,2025-12,20220226833138562A39,20220204258110E7D172,2022020446706B834772
hms_inst8,2025-12,2022022696AD06408892,20220204258110E7D172,2022020446706B834772
hms_inst8,2025-12,2022052636A3FF11B029,20220204258110E7D172,2022020446706B834772
hms_inst8,2025-12,2022052650C3E4A572A2,20220204258110E7D172,2022020446706B834772
hms_inst8,2025-12,20220526E138547DD448,20220204258110E7D172,2022020446706B834772
hms_inst8,2025-12,2022053016FE5793EF65,20220204258110E7D172,2022020446706B834772
hms_inst8,2025-12,202205305A9956D6200E,20220204258110E7D172,2022020446706B834772
hms_inst8,2025-12,202205306FCA1B1E08D6,20220204258110E7D172,2022020446706B834772
hms_inst8,2025-12,20220611BBF597B8BDE5,20220204258110E7D172,2022020446706B834772
hms_inst8,2025-12,20220623E99491BF060F,20220204258110E7D172,2022020446706B834772
hms_inst8,2025-12,202209023CF66D9EBC29,20220204258110E7D172,2022020446706B834772
hms_inst8,2025-12,20220902D977242CE431,20220204258110E7D172,2022020446706B834772
hms_inst8,2025-12,20221006124DF332FCDA,20220204258110E7D172,2022020446706B834772
hms_inst8,2025-12,2022111148742C2E8A9D,20220204258110E7D172,2022020446706B834772
hms_inst8,2025-12,2022111194E4552D3684,20220204258110E7D172,2022020446706B834772
hms_inst8,2025-12,2022111905B62B15C542,20220204258110E7D172,2022020446706B834772
hms_inst8,2025-12,202211198C30E515385B,20220204258110E7D172,2022020446706B834772
hms_inst8,2025-12,20221119FA3EF3F07B82,20220204258110E7D172,2022020446706B834772
hms_inst8,2025-12,20221201FA482C2AB530,20220204258110E7D172,2022020446706B834772
hms_inst8,2025-12,202301081EA32A960818,20220204258110E7D172,2022020446706B834772
hms_inst8,2025-12,2023010869AD12E66CD8,20220204258110E7D172,2022020446706B834772
hms_inst8,2025-12,20230124025280EAC374,20220204258110E7D172,2022020446706B834772
hms_inst8,2025-12,2023012455799B575B0D,20220204258110E7D172,2022020446706B834772
hms_inst8,2025-12,20230207B7376B52F635,20220204258110E7D172,2022020446706B834772
hms_inst8,2025-12,2023021808596AA51BEA,20220204258110E7D172,2022020446706B834772
hms_inst8,2025-12,20230218E4229C31C27C,20220204258110E7D172,2022020446706B834772
hms_inst8,2025-12,202305085B0B652498F6,20220204258110E7D172,2022020446706B834772
hms_inst8,2025-12,20230508B2E9BDAF1389,20220204258110E7D172,2022020446706B834772
hms_inst8,2025-12,20230609494258DE68A2,20220204258110E7D172,2022020446706B834772
hms_inst8,2025-12,20230609E1E30373B099,20220204258110E7D172,2022020446706B834772
hms_inst8,2025-12,20230624B07119F9B6FC,20220204258110E7D172,2022020446706B834772
hms_inst8,2025-12,202306301DCF05E63149,20220204258110E7D172,2022020446706B834772
hms_inst8,2025-12,20230630430F48E1E1CF,20220204258110E7D172,2022020446706B834772
hms_inst8,2025-12,202307312FD4BCCBEF02,20220204258110E7D172,2022020446706B834772
hms_inst8,2025-12,202308244BAA2AF95AC3,20220204258110E7D172,2022020446706B834772
hms_inst8,2025-12,202309011DA59CB4AB18,20220204258110E7D172,2022020446706B834772
hms_inst8,2025-12,2023090139056B176F24,20220204258110E7D172,2022020446706B834772
hms_inst8,2025-12,202309017ABBB885D4E8,20220204258110E7D172,2022020446706B834772
hms_inst8,2025-12,20230901A884D6F641D6,20220204258110E7D172,2022020446706B834772
hms_inst8,2025-12,20230901EC6E43C18093,20220204258110E7D172,2022020446706B834772
hms_inst8,2025-12,20230901FB37F1303445,20220204258110E7D172,2022020446706B834772
hms_inst8,2025-12,202401066C8868AAC0C9,20220204258110E7D172,2022020446706B834772
hms_inst8,2025-12,202401196967C3448D23,20220204258110E7D172,2022020446706B834772
hms_inst8,2025-12,20240411D0B4751BD9B1,20220204258110E7D172,2022020446706B834772
hms_inst8,2025-12,202405163E83B4C4473A,20220204258110E7D172,2022020446706B834772
hms_inst8,2025-12,20241202AA0B1FFB000D,20220204258110E7D172,2022020446706B834772
hms_inst8,2025-12,20241202ED50190BE64A,20220204258110E7D172,2022020446706B834772
hms_inst8,2025-12,202412172BAEF48E976E,20220204258110E7D172,2022020446706B834772
hms_inst8,2025-12,2024121758516B38789A,20220204258110E7D172,2022020446706B834772
hms_inst8,2025-12,20241217DECE9A46F7FE,20220204258110E7D172,2022020446706B834772
hms_inst8,2025-12,2025011436C47FC220E9,20220204258110E7D172,2022020446706B834772
hms_inst8,2025-12,2025020937748CB4A6CD,20220204258110E7D172,2022020446706B834772
hms_inst8,2025-12,2025020971CB3509ACBB,20220204258110E7D172,2022020446706B834772
hms_inst8,2025-12,202502288957A9AA860C,20220204258110E7D172,2022020446706B834772
hms_inst8,2025-12,20250228E06B932DAF1A,20220204258110E7D172,2022020446706B834772
hms_inst8,2025-12,20250312E6496BC5F371,20220204258110E7D172,2022020446706B834772
hms_inst8,2025-12,20250312F13B70F31C16,20220204258110E7D172,2022020446706B834772
hms_inst8,2025-12,202504033F23CCF331DF,20220204258110E7D172,2022020446706B834772
hms_inst8,2025-12,202504060C18E94AEDF8,20220204258110E7D172,2022020446706B834772
hms_inst8,2025-12,20250406523A472BAD88,20220204258110E7D172,2022020446706B834772
hms_inst8,2025-12,202504066B36B67BE51B,20220204258110E7D172,2022020446706B834772
hms_inst8,2025-12,2025053007F6F37C3841,20220204258110E7D172,2022020446706B834772
hms_inst8,2025-12,2025053015E1C64237C8,20220204258110E7D172,2022020446706B834772
hms_inst8,2025-12,20250530763109A2A026,20220204258110E7D172,2022020446706B834772
hms_inst8,2025-12,202506091F68F4CFC352,20220204258110E7D172,2022020446706B834772
hms_inst8,2025-12,2025061575E6F7CBD9B3,20220204258110E7D172,2022020446706B834772
hms_inst8,2025-12,2025063098B216500F96,20220204258110E7D172,2022020446706B834772
hms_inst8,2025-12,20250828D1254B9C71E1,20220204258110E7D172,2022020446706B834772
hms_inst8,2025-12,202510029D113AA2C0F5,20220204258110E7D172,2022020446706B834772
hms_inst8,2025-12,2025111342481407D7A9,20220204258110E7D172,2022020446706B834772
hms_inst8,2025-12,20251113D2FFCB4EDF5E,20220204258110E7D172,2022020446706B834772
hms_inst8,2025-12,202511263F8803FB778E,20220204258110E7D172,2022020446706B834772
hms_inst8,2025-12,2025112641EAE5E1834D,20220204258110E7D172,2022020446706B834772
hms_inst8,2025-12,20251214A0FDC1818AB5,20220204258110E7D172,2022020446706B834772
hms_inst8,2025-12,2022020826E4C4EDC666,20220201CE80D3770AE9,202202048CA8988173F1
hms_inst8,2025-12,202202085A188F025A6A,20220201CE80D3770AE9,202202048CA8988173F1
hms_inst8,2025-12,20240901EFD2B1586B39,20220201CE80D3770AE9,202202048CA8988173F1
hms_inst8,2025-12,20240904C6E0306C9925,20220201CE80D3770AE9,202202048CA8988173F1
hms_inst8,2025-12,2022020417C0CB2C9184,20220201C43961E42306,20220204AA6687882992
hms_inst8,2025-12,20220204248EF953C497,20220201C43961E42306,20220204AA6687882992
hms_inst8,2025-12,2022020441CDE0758B46,20220201C43961E42306,20220204AA6687882992
hms_inst8,2025-12,202202046ACBBAA92153,20220201C43961E42306,20220204AA6687882992
hms_inst8,2025-12,202202049FF838B85049,20220201C43961E42306,20220204AA6687882992
hms_inst8,2025-12,20220204E47EB571DF7E,20220201C43961E42306,20220204AA6687882992
hms_inst8,2025-12,20220208B19819C8E339,20220201C43961E42306,20220204AA6687882992
hms_inst8,2025-12,20220818372C8171302D,20220201C43961E42306,20220204AA6687882992
hms_inst8,2025-12,20220818FA4FC9724FCA,20220201C43961E42306,20220204AA6687882992
hms_inst8,2025-12,2023022215F425317F28,20220201C43961E42306,20220204AA6687882992
hms_inst8,2025-12,20220215132A72D3F68C,20220201C43961E42306,202202055B44564CA7C3
hms_inst8,2025-12,2022021537BA297472DA,20220201C43961E42306,202202055B44564CA7C3
hms_inst8,2025-12,202202157812C08D0AA1,20220201C43961E42306,202202055B44564CA7C3
hms_inst8,2025-12,202202157C05C706568C,20220201C43961E42306,202202055B44564CA7C3
hms_inst8,2025-12,202202157D8677EEF3A4,20220201C43961E42306,202202055B44564CA7C3
hms_inst8,2025-12,20220215EB476FD1A310,20220201C43961E42306,202202055B44564CA7C3
hms_inst8,2025-12,202210038ABD59CBA565,20220201C43961E42306,202202055B44564CA7C3
hms_inst8,2025-12,20230323742992F00341,20220201C43961E42306,202202055B44564CA7C3
hms_inst8,2025-12,202206160B0EE82DA4DA,202202072AAE570B7663,202202075E2F8E71B520
hms_inst8,2025-12,2022061612199A43EBC7,202202072AAE570B7663,202202075E2F8E71B520
hms_inst8,2025-12,20220616256F4D0C331C,202202072AAE570B7663,202202075E2F8E71B520
hms_inst8,2025-12,202206162CB958614C0E,202202072AAE570B7663,202202075E2F8E71B520
hms_inst8,2025-12,202206163BDC71A97C21,202202072AAE570B7663,202202075E2F8E71B520
hms_inst8,2025-12,202206164CA21BB85E76,202202072AAE570B7663,202202075E2F8E71B520
hms_inst8,2025-12,2022061667D37A343527,202202072AAE570B7663,202202075E2F8E71B520
hms_inst8,2025-12,2022061683873DD651B6,202202072AAE570B7663,202202075E2F8E71B520
hms_inst8,2025-12,2022061685A1B256E152,202202072AAE570B7663,202202075E2F8E71B520
hms_inst8,2025-12,202206169E7869596D5E,202202072AAE570B7663,202202075E2F8E71B520
hms_inst8,2025-12,20220616C1DFA60380E8,202202072AAE570B7663,202202075E2F8E71B520
hms_inst8,2025-12,20220616C3DC54B7C2FE,202202072AAE570B7663,202202075E2F8E71B520
hms_inst8,2025-12,20220616CB7B0B000B89,202202072AAE570B7663,202202075E2F8E71B520
hms_inst8,2025-12,20220616D1813DFB2E35,202202072AAE570B7663,202202075E2F8E71B520
hms_inst8,2025-12,20220616DA0C7DEF94C2,202202072AAE570B7663,202202075E2F8E71B520
hms_inst8,2025-12,20220616DE0425C026C2,202202072AAE570B7663,202202075E2F8E71B520
hms_inst8,2025-12,20220616E4BD0A000A58,202202072AAE570B7663,202202075E2F8E71B520
hms_inst8,2025-12,20220616F6FD3C0DBD68,202202072AAE570B7663,202202075E2F8E71B520
hms_inst8,2025-12,20220616FFA9E1259628,202202072AAE570B7663,202202075E2F8E71B520
hms_inst8,2025-12,2022090930B19F647CB4,202202072AAE570B7663,202202075E2F8E71B520
hms_inst8,2025-12,2022090973FBD114FA5A,202202072AAE570B7663,202202075E2F8E71B520
hms_inst8,2025-12,202301072647B6017C0A,202202072AAE570B7663,202202075E2F8E71B520
hms_inst8,2025-12,2023051566CE000CEA82,202202072AAE570B7663,202202075E2F8E71B520
hms_inst8,2025-12,20230607377B0481E330,202202072AAE570B7663,202202075E2F8E71B520
hms_inst8,2025-12,2023091863A8BBAA9AD4,202202072AAE570B7663,202202075E2F8E71B520
hms_inst8,2025-12,202503144D3E06EAFFB0,202202072AAE570B7663,202202075E2F8E71B520
hms_inst8,2025-12,2025050665F14F1AF30F,202202072AAE570B7663,202202075E2F8E71B520
hms_inst8,2025-12,20251021877D5589F243,202202072AAE570B7663,202202075E2F8E71B520
hms_inst8,2025-12,20251112EECB029FC828,202202072AAE570B7663,202202075E2F8E71B520
hms_inst8,2025-12,202202071DB15EAB70E8,20220207A6987062D654,20220207A69BB0E2188B
hms_inst8,2025-12,20220207204C5A788D80,20220207A6987062D654,20220207A69BB0E2188B
hms_inst8,2025-12,202202075881FD3D006B,20220207A6987062D654,20220207A69BB0E2188B
hms_inst8,2025-12,202202075B6D4D7FE1B3,20220207A6987062D654,20220207A69BB0E2188B
hms_inst8,2025-12,20220207A58FB6737D5A,20220207A6987062D654,20220207A69BB0E2188B
hms_inst8,2025-12,20230114EF38D1EE02BC,20220207A6987062D654,20220207A69BB0E2188B
hms_inst8,2025-12,202301189277F7309249,20220207A6987062D654,20220207A69BB0E2188B